Id,Name,Street,PostCode,WebsiteUrl
a5f7da91-8f68-451c-b42c-abb7e65c7e9f,Thoughtstorm,Straubel,8260,http://vistaprint.com
0ea43500-fb8a-47d6-bc57-4e4caad7e75b,InnoZ,Stephen,2223,http://ning.com
47f4d90d-ede2-4f9b-a2c7-9c4435767469,Mybuzz,3rd,7159,https://narod.ru
2c96a52c-35db-4caf-a775-d2a392f50816,Shufflester,Jay,3071,https://admin.ch
a197517e-68bd-4a2b-9612-d72dd16c9062,Realpoint,Sutherland,7266,https://dailymotion.com
dd776739-c7a9-4284-ba0a-fb4f8b4da059,Flipstorm,Eagan,4911,https://sitemeter.com
0b0f8aa5-5399-446a-83d1-22d5e694d6d2,Wikibox,North,1271,http://gravatar.com
b5da2f69-a8ea-4a8c-a639-b51341e7c66e,Quire,Thierer,5748,http://vinaora.com
91d2440b-0d00-4bce-879b-8952e1667606,Blogtags,Messerschmidt,9833,https://jalbum.net
3b25e869-b548-4e99-a615-e39d5ef33c69,Wikibox,Larry,6665,https://webnode.com
832eeb84-3be9-4810-ba9a-f681becfae33,Riffpedia,Anzinger,9277,https://nsw.gov.au
d871ff5a-526b-4035-ad89-d162a228b7a2,Miboo,Spenser,3553,https://oakley.com
a193edec-5f36-4dc6-8df3-88123fdebc94,Quimm,Forest,9302,https://washingtonpost.com
dcbc9e5a-a0a1-4c25-866e-b0234ca99c25,Shuffledrive,Westport,1799,https://usnews.com
fdc4e006-e3b4-4282-a31b-7f0133a4fcd0,Youopia,Dwight,6834,http://canalblog.com
d6abdd86-8708-4fd2-bf1e-dddb19228426,Youtags,2nd,3288,http://over-blog.com
5bc9a732-c28c-4917-82b8-8b3997b9ff93,Oozz,Moland,3705,https://aboutads.info
e268a730-9e21-4380-8718-cb0ec2a3b592,Tagfeed,Atwood,7436,http://tripadvisor.com
aad90825-6890-404c-91b2-06e8e64c5459,Viva,Killdeer,2207,https://yolasite.com
52d02aee-b6c5-4727-821a-1b8344f1da2f,Blogspan,Glendale,1855,https://disqus.com
39491a9b-0c10-42e4-baa1-6ba6a64ad4ef,Gevee,Forest Dale,2799,http://thetimes.co.uk
160d9424-9ece-45fd-83d4-eb15d2148ff9,Mycat,Fieldstone,9336,https://wikipedia.org
eb4e3d13-1a27-4edd-9838-18ab02adfcea,Eimbee,Caliangt,3615,http://ft.com
11a465e9-8bd9-43f3-ad8b-ee35c4621644,Quamba,Thackeray,5646,http://sohu.com
f26f399f-8696-4ef5-9c0b-50c2c74f9d81,Voonder,Southridge,9756,http://jigsy.com
96e82b22-ac17-4e78-ae60-3f0154e311e9,Quinu,Moulton,6000,https://scribd.com
4046aad8-a8cb-4f7f-8c88-6727839a1ede,Eire,Burning Wood,7616,https://businessinsider.com
61a4eedf-5719-4ecc-a854-d3e2f3e6f82e,Layo,Barby,1565,https://nifty.com
7c9b9229-670e-4f05-8147-5a3f0bd6c9a0,Fanoodle,Rutledge,2199,https://multiply.com
a09bd2e3-3024-4588-8a17-c497034d0fa7,Browseblab,Myrtle,4970,https://wsj.com
dad2e530-a164-4d4d-a6bf-860b82b00502,Bluezoom,Scoville,1914,https://google.ca
7b9e26e1-d4b9-4e4a-be3f-48a26b1c4571,Jabbersphere,Rigney,3561,https://narod.ru
cffefda9-139e-48d8-9fbf-6613dc027cdf,Zoombox,Pierstorff,4728,https://smugmug.com
4689acda-8cba-458c-a6bf-642fbc5260df,Layo,Arapahoe,9739,https://usda.gov
c7366f03-8cf8-40eb-a862-2350ff07acf8,Brightdog,Myrtle,5339,https://reddit.com
db045bc6-b764-42eb-9589-aa5f0a897dce,Skyvu,1st,7989,https://wufoo.com
07c17484-7ac8-4021-a85d-4c3084481d6e,Youspan,Mandrake,3813,https://dagondesign.com
37b8c78b-26cd-40e4-86d7-9bfbd67d8fa5,Vimbo,Claremont,4024,http://stanford.edu
2a1ea3a8-406a-4603-8e99-38963585e746,Rhycero,Prairieview,5821,https://bbb.org
39f11312-5aa7-4c47-9069-90f0413a958c,Bluejam,School,1093,https://themeforest.net
906b6389-39d8-4b05-8275-b4968dba8c09,Babbleset,Quincy,5917,http://admin.ch
348ef9d0-ae95-475e-b09c-db6cf2e61d65,Twitterwire,Old Gate,4389,https://shareasale.com
542c683d-d1e2-498e-b945-f93560913940,Dazzlesphere,Monterey,2460,http://trellian.com
8795e74d-bda5-4517-a65c-5488f7ea394f,Rhyloo,Delladonna,8108,https://webmd.com
5ca21034-f0c7-4469-ac5a-fce0e6c3bee3,Eazzy,Randy,5485,https://nba.com
4d213252-8265-4000-ba87-547a11a52d32,Rhycero,Fremont,7119,http://hexun.com
c4bdea23-4f21-45be-bfc1-fbcebb71531b,Voonix,Sachs,7006,https://mac.com
106f7fee-18bc-4846-9d55-cc6506068278,Midel,Kinsman,7936,https://usa.gov
df1fbda2-5816-44c4-b421-3ecd142536d5,Photofeed,Schlimgen,3546,https://tinypic.com
82a10fe8-ed25-449b-81e6-63a15aa73a72,Tekfly,Lerdahl,1563,https://chicagotribune.com
2eaa344a-eb04-4611-8e65-8167e3c581c8,Jaloo,Porter,4217,https://dropbox.com
d84a9529-6844-4ab1-a22a-abae7d597609,Oba,Rowland,3381,http://forbes.com
9a739840-e4fd-4a3f-858f-18cd2d6c733e,Livepath,Warrior,8452,https://ameblo.jp
59836d70-58f3-48a2-a839-6a00f428267d,Vitz,Clove,6532,http://oakley.com
f729318a-43da-4c88-9051-d100166cb88b,Midel,South,7771,https://privacy.gov.au
d2999ecb-4b00-4a1f-aeb8-337d521b54f5,Aivee,Pankratz,8476,http://cloudflare.com
ccca593a-8717-4f16-a5c5-f64b959c3229,Flashpoint,Blaine,4021,http://mapy.cz
b575918d-171a-45f4-a10b-a95c6850a615,Dabjam,Sunbrook,3620,https://cnn.com
5a0c4124-132e-483a-ad79-ddd6632253e2,Dabfeed,Quincy,4183,https://elpais.com
87f24b39-8417-472e-a491-cfc9d3e4fee8,Skivee,Twin Pines,4999,http://youku.com
ce62f04a-655a-4486-b57f-33ea31df4ebd,Gabtune,Basil,2675,http://devhub.com
dc1b0e98-e189-4e61-9660-f9ac70000f13,Devcast,Scoville,1180,http://phoca.cz
1dd4a052-dcdb-4e41-bf0a-e5d262d054e3,Rhynoodle,Havey,7840,http://oaic.gov.au
77425a54-3a68-4cc5-b4d6-f1d5d6b344ce,Twitterlist,Main,4337,https://elpais.com
5070e356-8cde-44b2-99ae-c5b7896f9414,Browsebug,Onsgard,9008,https://fotki.com
6709aa34-e07e-4b03-8ae2-83c001411dd8,Twitterbridge,Drewry,5311,http://earthlink.net
1bf3e23f-5e5b-4b88-aeac-f07669d1e1bb,Yodoo,Truax,9104,https://aol.com
1d9fe1bb-842d-43e0-9e0d-f66c2a1651fd,Skipfire,Huxley,8358,https://forbes.com
1970c538-8fb2-4665-aba2-b14b94e30319,Cogidoo,Ryan,4114,https://domainmarket.com
476edb1a-1688-4649-8fd7-0db76d614819,Photobug,Lunder,7392,http://bing.com
b9b5b8fb-19f4-467a-8b72-f1f7976cbc4a,Gabcube,Hanson,6316,http://artisteer.com
9d28ab13-2027-42b9-98b2-5a0f1743d950,Yambee,Bunting,5415,https://woothemes.com
2b203a40-ab8f-4c60-b44a-2ce61a888750,Minyx,Golf,4368,https://barnesandnoble.com
f3132da2-ca88-43a6-83c1-1d6db832d41e,Yozio,Riverside,6067,https://purevolume.com
0eb30875-5df4-4b86-acc6-8c8d5c894f03,Shufflester,Fairview,8548,http://amazon.de
55e820df-7c89-4566-9c8e-d013f01777fd,Agivu,Holy Cross,9891,http://nps.gov
433610a8-3f55-4dac-9491-25cfcc1522ae,Vipe,Marquette,2637,http://php.net
73699ce9-d845-4e3f-8a4b-418ac62e5eb0,Kaymbo,Evergreen,7174,http://sina.com.cn
00c74c07-26d8-4447-972f-d1709af1d2f5,Janyx,Luster,9098,https://smugmug.com
c7d5ac47-95a4-4db8-b216-b1323343baa6,Mynte,David,9723,http://un.org
ac9e4c63-da7f-42b6-8888-ecafab8c6f89,Oozz,Mariners Cove,2501,http://netvibes.com
58fefb75-a205-41c1-90ad-82a4ec36ef16,Mynte,Alpine,2452,http://etsy.com
8a4e6185-ff3f-42c7-8f73-3ee9f7886b39,Blogtag,Clyde Gallagher,7807,http://wikipedia.org
e4b25d7a-f50b-4e90-ba70-7d48fc7d9a85,Abatz,Quincy,8601,https://ocn.ne.jp
d8c5ecf1-4539-4517-894b-e7377aea3041,Dabtype,Sycamore,4145,https://g.co
4e7e11a6-8791-4e49-aac9-98a12aa14124,Edgeblab,Calypso,9129,http://wufoo.com
c591fa56-ee01-44bb-afe4-a271bed57ccd,Brainverse,Waywood,3818,http://domainmarket.com
e364f3e9-00e0-4130-8060-7171583acddb,InnoZ,Vermont,1086,https://naver.com
6bdbf9a1-6972-4031-b729-4f959a0dadc4,Miboo,Corscot,3535,http://latimes.com
67009224-c725-47b4-a77e-8e4d63bdddc9,Yodel,Mayfield,5903,https://webeden.co.uk
27092e5d-542f-4a2b-b67c-71e5b5e6f857,Jaxbean,Bultman,3641,https://blogspot.com
71d53369-c2f4-44d7-922c-5729ff5b70f1,Gabspot,Buhler,7338,https://so-net.ne.jp
616041d1-3fb8-4280-8d05-4ca778893424,Eimbee,Morning,4352,https://cdc.gov
fd08a801-2340-4348-a994-66352bb808a2,Mita,Vernon,3206,http://biglobe.ne.jp
3714ae68-fff7-4e35-8725-a25625412e79,Edgeblab,Main,8214,http://cbslocal.com
5c6bb0db-71f1-496b-9f81-9defce0dc5a4,Thoughtblab,Corry,2378,http://eventbrite.com
0171aa20-535c-43eb-bdc0-8c09a61376f9,Skimia,Orin,8080,https://usnews.com
ffc69627-bd95-4bd8-82ff-d59df52ff50b,Minyx,Village Green,5785,https://soundcloud.com
3ae54412-de3b-4ee2-b9a6-fb14b5bb85e6,Skyvu,Esch,6579,https://tamu.edu
9db015e9-f7e9-4ffd-9644-d0665359ae2a,Feedbug,Atwood,4007,https://google.es
b735915f-e2e5-4b24-9c8b-8ad9398e6cf4,Kamba,Rusk,7088,https://photobucket.com
621e8177-aabd-4278-b4e7-108d3f5bdfd0,Thoughtsphere,Monica,1674,https://wired.com
602f99e9-b8db-4796-997f-3ce2b48e82a5,Quimba,South,9619,https://noaa.gov
a1bf2315-fa44-42f5-8a75-15f1114d024d,Tagpad,Pearson,6022,https://etsy.com
7e6c8560-1d8e-4969-8a39-3d6b022945b8,Wikizz,Erie,4745,http://oaic.gov.au
3664e485-b547-4a89-b8e7-6244215578ac,Eare,Mallard,2103,https://goo.ne.jp
4fd9307a-c00e-4aac-b8d1-7f0cf31ea4f9,Youspan,Kedzie,3803,https://berkeley.edu
e66e2472-25bf-4a36-a0be-45d384eba569,Teklist,Pond,1733,https://gov.uk
a088d0bd-bba5-43c8-a4c1-87ea43fea3c4,Leenti,Schlimgen,1976,https://so-net.ne.jp
a9f0b195-448b-4952-879b-6a6033378827,Bubblemix,Buhler,8719,https://va.gov
69cc1c88-9a2b-48e1-aced-6f4107e82d02,Ailane,Reinke,2233,http://issuu.com
d072dff1-3d2c-4c0c-b500-dfe663e9acbc,Leexo,Cambridge,7998,http://nytimes.com
b053d232-43c3-4db5-ac01-20d567cbd207,Yakidoo,Myrtle,8130,https://shareasale.com
d63d92eb-7fd8-40a6-8310-f718d1856cc7,Buzzshare,Dwight,2941,https://nba.com
ba9c49f7-8eaa-40d1-ad3a-f273e803d0df,Skivee,Granby,3783,http://nifty.com
a2449cc7-b901-4b79-b0c8-f7f90fb1debf,Gigazoom,Jackson,9973,http://storify.com
62e298ce-399c-47b7-8cc8-897a658ce175,Tagfeed,Daystar,7477,http://china.com.cn
59b32f90-0edf-48d1-baea-afa285694717,Photojam,Sunnyside,4896,http://list-manage.com
8b151944-ac1f-4594-a3ae-2e5a24350adc,Dabvine,Sycamore,6535,https://nationalgeographic.com
e1d8fbdd-aca8-4bcc-b0be-eab19766ccab,Demimbu,Manley,2664,https://imdb.com
8fbc2f9b-61b7-4721-b217-8cac7be2f3bf,Livetube,Daystar,5997,http://twitpic.com
517fea71-a8ad-42f6-8181-412c41229fc8,Voonyx,Scofield,3048,https://ed.gov
a2be416f-7305-46fa-805a-8df3e7bb31f9,Lazzy,Independence,9570,http://microsoft.com
9e57b98e-92f3-41db-ac1c-0ec98cd22b4a,Eabox,Center,7810,https://eepurl.com
77d8b711-76fc-4af9-813c-3ed4b684856c,Mynte,Waubesa,7488,http://instagram.com
4cacbf13-02c0-45b4-ab9e-02ab18447090,Oyonder,2nd,1726,http://businesswire.com
0e6b0130-b7b7-4657-84e6-3c2e6a23600c,Realbridge,Hudson,9875,https://w3.org
c806af50-d8e0-4f49-9eb1-030e6bb80330,Twitterworks,Jenifer,7959,https://flickr.com
b8cd5a59-702d-4d80-a919-6c708fcc582b,Eare,Dennis,9633,http://uol.com.br
88ecf9f4-d3d5-407d-86e2-f4d68dd7a093,Meezzy,Del Mar,5631,http://theguardian.com
8e42aa97-2cc8-44bc-bc24-1578c3c25e4f,Zooveo,Katie,9330,http://bing.com
2b75092a-faa9-4066-8405-f459711be912,Zoonoodle,Nelson,6378,https://php.net
dedd7fe8-ba7e-4233-980f-446cfcbf99fc,Tazzy,Susan,5064,http://loc.gov
ff7c901d-1e9e-43dc-993e-bf680570979f,Babbleblab,Mendota,2507,https://g.co
4529c7d4-8dee-412a-8b29-1c6120dc2e45,Youspan,Garrison,7703,https://opensource.org
65dfc0dd-32a5-47b8-bf26-e3958061373a,Wordware,Iowa,3019,http://java.com
38a845a0-2efb-400d-805d-203c177fa1db,Mycat,Sundown,3087,https://china.com.cn
8a537bb1-7050-4441-8839-6590a00b7411,Yakijo,Chive,9143,https://state.gov
e78af9f6-88f2-4789-ad46-922e5106a756,Avamba,Lawn,1670,https://cloudflare.com
39ffa1de-978c-44f3-95be-d559f558a296,Gevee,Mesta,5816,http://prweb.com
ddffc279-093e-48d5-b439-32b73e832068,Youtags,Sutherland,9591,http://blogtalkradio.com
9eda20f7-6453-4db6-a0c3-a517be9bd0ca,Zooveo,Armistice,5866,https://uol.com.br
c6304152-630f-47e2-8bef-0814af96b90b,Tagopia,Brown,4066,https://theatlantic.com
572c1e1d-318c-4763-9218-719104546467,Voonte,Lakewood Gardens,6909,http://apache.org
dda09134-cc09-4831-8040-4ac92271f518,Livepath,Superior,3078,http://people.com.cn
4620923f-7fb2-4dfa-9446-36edb45152da,Skyble,Forest,8115,http://webnode.com
fd908438-f017-4012-bd56-c0a36f2d6f53,Kimia,Hollow Ridge,9701,https://tamu.edu
5d42a323-9ddf-44ec-98e2-b17011c18f7c,Dynabox,Homewood,7851,http://biglobe.ne.jp
6eb08649-6cab-4fe5-82bf-e6782e3986bf,Brainverse,Graedel,3914,http://twitter.com
54974f29-4926-4d15-8921-ee7051634461,Oyonder,Spenser,1396,https://etsy.com
4b685cf4-3350-4d90-bf31-dfa77be1ac4b,Tagchat,Butterfield,6511,https://psu.edu
0865b25f-f64b-4ef3-a3e9-dac626871d67,Gabcube,Johnson,7920,http://weather.com
9c73929d-04b9-41a1-b779-f10085a1f8d1,Oyonder,Sutteridge,2790,http://paginegialle.it
3d096a19-97e6-4678-98eb-367c76c1d44c,Livetube,Calypso,7469,http://washingtonpost.com
d1538826-bdc3-4985-a466-8f8a97464ee7,Gigaclub,Mcbride,1904,https://indiegogo.com
d068072f-33f7-46ee-b32b-7fe058149dcd,Edgetag,Forest Run,4959,http://merriam-webster.com
e9d05602-3f24-4ff9-805d-22d7a6a2a336,Zava,Utah,9668,https://salon.com
f72dd2eb-6d6c-441b-89df-68c819509122,Browseblab,Huxley,7361,http://gravatar.com
bfa8278d-84d5-46d4-b0ca-13f701c2a988,Twinte,Independence,5738,http://slate.com
909aee4c-3ae9-47b2-bf98-75bf726894f9,Twiyo,Heffernan,9782,http://dailymotion.com
57929364-e0df-4c6f-aae1-2b77b4b122c1,Centimia,Ridgeview,3939,http://g.co
f9574891-a995-4deb-bfaa-c6d78d29a2bc,Wikizz,Havey,2744,https://dropbox.com
e8525d0f-0c64-47a6-b99e-710e3e402b6a,Zoomzone,Brown,5391,http://sciencedaily.com
fbe2630c-d6c5-4000-a513-f398226f46ea,Roombo,Manley,1080,http://opensource.org
13e3e7a8-02ed-4187-9e64-f1f89f13ed4a,Trilith,Truax,2330,http://123-reg.co.uk
cd990419-406a-4061-962c-4544a3a7328e,Thoughtsphere,Burrows,1511,https://plala.or.jp
d6d207e8-0935-4b67-8b57-15d39a0b4d03,Trudeo,Sunfield,2854,https://flavors.me
64666ac7-6fed-4369-bfdd-267a2bd4f6c4,Babbleopia,Eastwood,6937,https://state.gov
97bdf316-6615-489b-9373-db7649ccbf77,Dabvine,Lerdahl,8741,https://rediff.com
637442fe-2f2c-4a0c-8296-ebba4065f5a5,Mynte,Everett,1541,https://addthis.com
5fd87e90-4bc3-4f90-88bc-8ee1ca2e76c3,Thoughtstorm,Reindahl,3437,https://wired.com
c6f50ace-1edd-45fb-b6ac-bd5a84114c32,Trilia,Spenser,4880,https://cornell.edu
a317f9ac-e0f8-4929-83e0-df63947e21f5,Jatri,Green,4360,http://bing.com
758b4508-87de-4c4f-982c-ad1e7f0cae8c,Vidoo,High Crossing,2774,http://nba.com
74ac33f0-d01b-49c0-a50b-5bbb22fe7237,Abata,Artisan,5194,http://epa.gov
c8b577c5-ce35-4555-9c97-40905150eaf9,Vinte,Texas,9292,https://wikimedia.org
a4a269a4-2f7e-4095-9d4d-caa2cf217621,Agimba,Independence,7562,http://merriam-webster.com
07c644d6-7fc6-4a9e-88ae-7e56a0e94283,Dazzlesphere,Nobel,5447,https://flickr.com
df8aab63-fed6-472b-b704-3576461e0bd6,Agimba,Gulseth,8256,https://jiathis.com
41653811-04e7-4fa5-9896-9ccdf12ba7c2,Quire,Sachs,5503,http://parallels.com
415e2843-5476-49b0-81a3-5bd4f29aeabc,Skipstorm,Carey,2900,https://slideshare.net
bee593b0-9f7f-4060-9f50-2344118f880e,Ntags,Buena Vista,8065,http://va.gov
8901f31a-2b6e-462a-acfc-21fdda163aa0,Dynabox,Monica,9528,https://aol.com
6c0f146b-7506-421b-9175-27fd57c60205,Tazz,Laurel,1791,https://yandex.ru
4868085d-b6a4-4bed-8db2-8c9bbf5a2b86,Skiptube,Talisman,1768,http://ustream.tv
443dc293-e06b-4032-87e2-ba7f0ed3616a,Skinte,Cottonwood,4771,http://paginegialle.it
9dcbe4bd-9bf6-4239-ae63-6a33314e696a,Skyvu,Warrior,7337,https://stumbleupon.com
e66ee6fa-ee3f-4610-b1c6-e2758a515c50,Kaymbo,Westend,1869,http://ocn.ne.jp
15ad913f-9f42-4e23-b5a1-af667e2f6a25,Thoughtstorm,Becker,3113,https://earthlink.net
42a0c0d7-a3f2-443c-9e03-4c50ca4dc45a,Photolist,Vidon,3275,http://360.cn
3fc12701-4453-4418-b87d-d7b6c5e7a006,Tazzy,West,6029,https://go.com
4fada7f9-3340-44de-a5d3-491dfa20a7a0,Shuffletag,Susan,5397,http://vimeo.com
f685acae-be69-4e6f-a196-5962ff17e3f6,Tazzy,Lyons,5636,https://blinklist.com
f820bfab-b465-4119-bc06-0e5960a4ab07,Dynava,Reindahl,5964,http://yahoo.co.jp
d50156cb-5c8b-4f23-a8d4-b5431ec4337c,Meemm,Sunbrook,9505,https://wsj.com
111f24c5-860b-4c10-9d00-d0a8415c19cd,Quire,Union,2713,http://wunderground.com
1aefa1aa-df95-4535-800a-a8aef1ec5971,Dynabox,Fordem,9724,http://soundcloud.com
8b45fbd3-df5e-4e49-98b2-97f22e3a154b,Flashset,Thompson,9266,https://youku.com
9938818d-9b16-4c2f-91bb-a3c1c3108a0d,Twitternation,Calypso,7933,http://wsj.com
5d6b3aa4-1101-4fa2-87c0-d6a922b7081e,Omba,Delaware,6728,http://tumblr.com
52f8c548-f25c-42c3-ae20-dcd532912f46,Ntags,Mosinee,2361,http://indiatimes.com
18045b3d-f843-4453-b5bb-47eb9bab6c55,Mydo,Village,3470,http://about.com
44914190-76f2-4c04-9a17-16042044d205,Zoovu,Menomonie,5320,http://typepad.com
567aace3-06fe-4ee8-9659-04545e413abd,Edgeify,Dwight,7188,http://homestead.com
e8067399-380d-48ca-a07e-33549d2c76bf,Wikido,Northfield,8621,http://hud.gov
2522124b-7d44-4dbf-9e54-5813bf7fc87c,Wikibox,Acker,2371,https://java.com
1e3168da-4d16-415b-91c6-56bb31af4129,Buzzster,Utah,6947,https://people.com.cn
bda0a8e4-1070-4b72-ac10-62203831efbe,Mybuzz,Lyons,7224,https://army.mil
a71dbd83-ef6b-4e92-b982-44912cdbcd5a,Meejo,Rusk,9227,http://purevolume.com
0bae9576-9f6d-4903-bb63-d3a99471a433,Chatterpoint,Mallard,6691,http://bing.com
8fd257fd-3112-47be-b719-11c00f6c5843,Ntags,Dorton,6414,http://oakley.com
79203180-9dac-43d2-88a5-846dd53569c6,Ntag,Kim,3102,https://ifeng.com
310e5eea-ebb0-49fc-a104-736ca3939ade,Dynazzy,Vahlen,9569,https://vinaora.com
09564d54-eb50-4929-af35-193867f5e871,Browsezoom,Old Gate,6246,http://addtoany.com
364df806-f1fd-48f2-8493-243575e9ef85,Babblestorm,Lunder,7772,https://weather.com
948cfabb-3278-492c-862d-88cef6c883b4,Skipstorm,Stephen,9780,http://gizmodo.com
912f6cfd-2d4f-488c-ab57-bb3548b14d03,Rhybox,Gerald,2538,http://state.tx.us
f0845bb2-1b7e-44d8-9c6f-fe7c6dd3ce7b,Meevee,Meadow Vale,9936,https://netscape.com
5acc9408-0c36-4f32-9440-154bc189d754,Shuffledrive,Spohn,1835,http://youtu.be
9612f58a-8873-44f1-87ab-9439e33a062d,Kazio,Kropf,8833,https://digg.com
ea4a3c9d-63f0-4973-8b8e-716a4715c405,Shuffletag,Orin,6556,https://earthlink.net
08e0510d-3677-49b8-abd8-eb2c8e05ca68,Bluezoom,Toban,6226,http://amazon.com
e9a6e0bd-207b-42a7-893d-4b14b68781f8,Dazzlesphere,Arrowood,7839,https://state.gov
908ad80f-da9f-41dc-bbe1-c635603ab874,Wikizz,Carey,2797,http://51.la
19567911-6635-46eb-87ff-385e3fa5954d,Einti,Porter,9028,https://networksolutions.com
e37b445e-a7cc-4507-a61b-9546fff9c16f,Wikibox,Arapahoe,5857,https://arstechnica.com
8d8db482-e529-4942-90a3-eec316f0dc59,Linkbridge,Grim,4659,https://sourceforge.net
6c258608-d0cc-46b7-8e2f-cf407ffb0628,Skaboo,Lindbergh,9649,https://theglobeandmail.com
9f6a2ce9-b38f-4f9c-83ff-c779f15df5b4,Babbleblab,Waxwing,2848,https://upenn.edu
bad17e63-4e11-44a0-ade5-4035001baad0,Mynte,Bultman,3897,https://pen.io
9833934e-fd93-442f-8c26-2114aa52e677,Livetube,Badeau,8126,https://naver.com
64b54e05-8646-4f65-b8d1-0de696a882c3,Oloo,Ramsey,5325,https://cmu.edu
e9433292-6d67-4539-bd2e-ca3d983b1829,Eamia,Roth,8361,http://seattletimes.com
440a4cdb-c1fc-441f-bea4-0d4278b36f15,Browseblab,Farwell,6026,https://opensource.org
acd69cb1-64bd-4bab-9422-7c00293744c7,Leenti,Troy,3173,http://stanford.edu
17fc53b9-3ec0-4522-88e3-8df85318ca37,Youbridge,Spohn,3369,http://nydailynews.com
385d03b3-5bfd-4321-96e5-a3267fe89760,Blogpad,Erie,4471,http://nps.gov
4403415d-d8d8-46ef-a937-5fd536712c62,Realcube,Warrior,9385,https://godaddy.com
118473fb-24bc-4233-8a1d-3a067b1977cd,BlogXS,Vera,8380,https://cbslocal.com
d88c73c7-9ba0-4dc8-94d6-d7a29f22c05e,Kwilith,Garrison,2036,https://bloglines.com
936bbdf6-84ab-4fa8-b462-b1ba7ed3a9c8,Chatterbridge,Waubesa,2714,http://tmall.com
515f7daf-164d-4c3c-a918-c3e4863fcf02,Vinder,5th,6497,https://istockphoto.com
b90b2466-4d65-4522-b1ae-13665bf283f6,Fliptune,Rieder,1331,https://jiathis.com
27de1807-27de-44af-86fd-50a1c6951000,Buzzster,Autumn Leaf,1976,http://google.ru
dfd3d104-be99-4d70-8efd-f7046801f7cf,Tagchat,Paget,4334,https://netlog.com
5a283074-0ff4-4559-8ca6-7369ccb71a30,Thoughtbeat,Red Cloud,4063,https://bbc.co.uk
22d2084e-41e3-4af8-b895-b8e781bfba16,Vinder,Fieldstone,7219,https://wiley.com
7bad0662-4999-4f88-8244-9a2cd4a969ab,Meezzy,Monterey,7821,http://wordpress.org
25e03306-5d2c-4ea4-ae77-1cbc290ee4c9,Minyx,Ruskin,9187,https://surveymonkey.com
c5f0a480-9c9f-4712-88a9-8d7339f750cf,Jabbersphere,Larry,1627,http://tumblr.com
ac58cf33-d0c4-4647-a833-6026f6d2f799,Oyonder,Bunting,6976,http://kickstarter.com
0bac7cb4-0488-4821-b3b8-b91ce5b25e79,Ntag,8th,7082,https://php.net
cab29c95-af84-45af-9022-92c63d628f8b,Skalith,Mesta,7994,http://google.nl
ce78e70b-1c10-405a-a697-e94515534920,Dabvine,East,9063,http://123-reg.co.uk
fd298ec1-f3e7-44a2-b1b8-635281462a8e,Rhycero,Kinsman,9029,http://mail.ru
df83ed82-72d4-468a-a591-ace881071615,Kamba,Prentice,5697,http://businessinsider.com
e6b0b184-35c9-40e1-bf5c-8da436e9a96c,Skinix,Michigan,4444,https://prweb.com
791d9b04-211a-4209-84a0-91f52dbeba70,Voolith,Victoria,4940,http://elpais.com
3005eeda-39fe-4157-9267-cbbfed6cadaa,Bubblemix,Hayes,4768,http://delicious.com
2b7a9c65-b2b9-44b4-aaf1-89e3170f2f51,Yoveo,Hollow Ridge,6507,http://washington.edu
43976486-4bf4-4731-baba-b575cd67187b,Tagopia,Pawling,6949,http://yahoo.com
a86796d4-5ad8-4a2a-917a-8b104dfd65d0,Thoughtworks,Bayside,7191,http://uol.com.br
0337443b-7b6d-4b41-bca7-67a672c50f26,Flipstorm,Washington,2149,http://wordpress.org
54a7fbb1-d6e2-42ed-a939-97aa30a3f453,Youopia,Shelley,2636,http://tuttocitta.it
87202bd9-08f4-4d87-8984-6b58f96a3a3d,Demivee,Thackeray,1017,http://china.com.cn
3d2d7fc2-3469-4388-9e76-1a2e23b6fa78,Topdrive,Luster,6323,https://shinystat.com
c911b195-0fee-46ce-96ee-da9dbbd04a2c,Zoomzone,Tennyson,3471,http://npr.org
849f91ad-dd56-492e-babb-b27dd6b760a0,Feednation,Acker,8381,https://symantec.com
09c90c2e-83fd-4755-b83c-2f4ccb7feeea,Feedspan,Carioca,3034,http://ycombinator.com
5ac0ad1f-4b5e-4196-912a-6fbf034760b9,Dablist,Pine View,8365,https://blogspot.com
2c033317-8b87-455a-9a27-17b509b91603,Yotz,Vidon,1028,https://livejournal.com
0fec5ddb-8eb2-484c-8cdf-fcd8d23a6c2c,Zooveo,Scofield,6744,http://umich.edu
74038fe5-d683-442f-9d1f-ca1c08a79645,Wikido,Del Mar,8394,http://lulu.com
413b2a49-df40-49ba-ad79-00bc73a203f4,Browsebug,Mockingbird,4821,http://1688.com
140599a3-fbbd-45c5-9086-60fe0608da69,Tagopia,Lakeland,2738,https://devhub.com
b974f221-b8b2-429f-9086-44f17702d5f4,BlogXS,Leroy,1861,https://ted.com
368fe743-558d-44b2-b149-66761646ff2d,Jaxnation,Spohn,9699,http://networksolutions.com
585ef23c-5510-455d-98aa-8159a71b468c,Quinu,Weeping Birch,9056,http://yelp.com
30684f1f-75d0-4cfc-9850-706d0c38ee59,BlogXS,Clove,5687,https://elpais.com
742f4b20-f831-4f7c-bc5d-69addf2eb07b,Ozu,Cambridge,7010,https://edublogs.org
5606db62-1b99-45b1-95f1-3d1ae1c22001,Skidoo,Stephen,4433,https://tinyurl.com
9e99570e-acf3-463c-b052-614f318baae5,Voolith,Namekagon,7522,http://wordpress.org
8d7050cc-6808-4cb4-a744-ce981097a583,Browsezoom,Schmedeman,4091,https://bravesites.com
f2d33a52-0c36-4082-8b35-0dee11bedbeb,Leenti,Hudson,3289,https://t-online.de
f485d5d6-080d-4aa2-91e1-0b7fa46772d8,Dabvine,Chive,5079,https://skyrock.com
9a06dc7b-fb38-42a3-a279-86e869af9ff5,Browsedrive,Hooker,5114,http://blogger.com
fca1487a-f7c2-4b9b-ac3f-d4b66f3a0927,Ntags,Thompson,7999,https://boston.com
23c1e033-6875-4ecc-93ca-d714f42da326,Twimm,Stephen,5684,https://parallels.com
aff9b3f0-e474-48cb-a132-fe3f70171901,Snaptags,Dayton,2455,https://zdnet.com
286dcb07-a494-468e-b6e5-d3e51a6f9ff3,Ntags,5th,7977,https://usda.gov
43b9c90a-741c-45a0-872c-2f3c69f31c8e,Feednation,Corscot,1507,http://hexun.com
e25646a3-7e56-4d0e-9ebe-4e662217b5af,Voomm,Nobel,1827,https://dedecms.com
3b82b082-6fa3-4ad3-8c02-c122889c6cfc,Plambee,Oakridge,7820,http://photobucket.com
c3ca9d7c-2237-4324-866d-14c4e8694ad2,Dynava,Delladonna,5150,http://utexas.edu
8dbbbff4-23f1-4e3d-825b-7569c18dd10e,Tazz,Miller,7229,https://multiply.com
d21bd4f0-27a7-4e27-ab0b-6921fbeda480,Trupe,7th,4372,http://hugedomains.com
6c8fe394-bcef-4285-8ba9-fab02ec2968f,Twitterworks,Merrick,1628,https://sphinn.com
909ae1c4-56ff-4f1d-8241-285f82bd96d4,Agivu,Transport,5156,http://flickr.com
0bf6c552-f19a-4937-8315-ebd02d5d69b1,Skyble,Ryan,7253,http://vimeo.com
dfe5c2b7-f8a8-4dc9-9e2a-40a1af261619,Oyoyo,Sheridan,1841,http://woothemes.com
a08d8023-95b9-4272-a07c-aae89e84f177,Eare,Iowa,7573,https://bloglovin.com
ea2ff38a-2807-44e0-9086-4e7dfba1d58b,Gigabox,Bluestem,8484,https://sina.com.cn
d10909ee-68b0-44de-b0fa-20a5303c16c6,Janyx,Esker,1524,https://opensource.org
6c95fdc1-5745-4268-8357-76ddb65fa4e2,Feedspan,North,5854,https://yellowpages.com
93909fbf-feb4-4867-a2f6-490b28461bb2,Gigazoom,Stone Corner,5042,http://hud.gov
f91b40e6-655d-4357-9d6e-6e875c5e2fb9,Agimba,Mccormick,7443,http://ftc.gov
66b019d2-d702-468f-aa54-88f7a68b9ae6,Riffpedia,Ilene,6786,http://icq.com
1af94a37-5fdb-4a17-a0a2-29ab1d9592d1,Dabvine,Bobwhite,3187,http://go.com
6d0ae757-8029-4fcd-8c4e-25b6bda88989,Realfire,Pleasure,2148,https://mtv.com
79ae68da-ab93-487d-82cc-95a686e0e17c,Jabberbean,Dapin,4511,https://naver.com
368df363-03c0-4a3a-8ccc-a79c22956e1c,Edgeify,American Ash,7423,http://youku.com
37ac9e46-b3df-4324-b6ab-2770023abc99,Leexo,Lindbergh,2195,https://ihg.com
15164ed1-2d1f-4e42-9203-41e20f56ea58,Gigabox,3rd,6620,https://desdev.cn
8f730e58-eac6-41d1-9faa-de8e13f7a3b0,Camido,Namekagon,5775,https://arizona.edu
be4363ec-078a-4de6-a0e0-af221377d2bd,Meeveo,Ronald Regan,6551,http://twitpic.com
bf0330fe-e84b-4f6b-b6a5-814feb33f7d6,Skivee,Loftsgordon,1470,https://ft.com
49a805d3-a0ab-4435-961e-10459957f8ff,Browsezoom,Manitowish,7690,https://opensource.org
378c3153-1b59-4e09-afdd-31251c91dc86,Linkbuzz,Clyde Gallagher,9338,https://surveymonkey.com
b1874d1d-0e6c-4411-9c60-332878cf113e,Quimm,Sachs,6433,http://bandcamp.com
46c72c8f-f255-40f2-960c-d77ec17a6148,InnoZ,Monica,8678,http://fotki.com
d3f0b561-a26c-4d0e-8d02-a4a4b9267855,Skimia,Straubel,5948,http://umn.edu
a63848b6-b8bc-40b8-a35f-43773027e306,Jabberstorm,Algoma,8288,https://technorati.com
ab9b4cb7-a4aa-4ef8-8d1b-a4e08d403553,Skippad,Stang,5482,https://chicagotribune.com
dffcc833-5bd4-4a76-8b8b-d8142f3a2a57,Eamia,Karstens,7101,https://mysql.com
14657e88-af35-4773-a86f-8a7c40014afd,Kare,Fuller,6110,http://nih.gov
23dc6888-4d15-4418-94d2-5fbcf1ae0bc7,Twitterworks,Paget,9776,https://discovery.com
62cfc044-bc3e-469d-9e7e-e3b065279bac,Innojam,Ridge Oak,3093,http://exblog.jp
8badf297-6f65-4b52-b332-fedef8dd6b05,Gabtune,Armistice,1066,http://reference.com
67d00f35-e2af-4ee1-aca2-fce60f1d45b5,Aimbo,Browning,4726,http://e-recht24.de
3a389dcc-e289-44a5-95f1-f5612bea5a5a,Riffwire,La Follette,5684,https://live.com
dc5c2d30-204a-43df-85e7-4b015dfb4dd2,Miboo,Sunbrook,1425,http://blog.com
578cefff-f572-406a-98c7-c4efa8e268d9,Gabtune,Boyd,9196,http://privacy.gov.au
ad370f38-7d50-4eea-ba56-c99364021654,Wordware,Thierer,5455,https://adobe.com
1bbc2def-29b3-4d84-9404-799c9220182d,Eazzy,International,6542,http://weibo.com
81c72108-ebec-4cb5-b40a-3eea046f6803,Riffpedia,Lunder,3528,http://kickstarter.com
9879f1c3-f2ca-48cf-bc23-eb30c52fe11d,Buzzdog,Holy Cross,5097,https://t-online.de
8870dfc6-cd60-482a-895e-2f85a3304ca9,Meezzy,Elgar,2420,http://squidoo.com
06792d11-2c29-4032-a163-723659e3e2ae,Katz,Mendota,9487,http://howstuffworks.com
d31207ec-76cb-4de2-9d7c-01e5c20603ca,Eazzy,Summit,9104,https://skyrock.com
89dd5b42-0a09-4396-b8fd-2ca5e8e31941,LiveZ,Bartillon,8756,https://163.com
b94d6837-2c5d-4a69-9810-286f0612729b,Yakijo,Utah,8707,https://elpais.com
42196867-cf36-4ebc-8273-fca3e0d9b234,Zava,Granby,6272,https://springer.com
a0b60dd1-1da8-4aeb-93ef-2de3c0a79eaf,Browsezoom,Miller,5007,http://ucsd.edu
3a124c6d-7022-41c7-9787-8e9ba8db88a3,Buzzbean,Oriole,9341,http://netvibes.com
97ff44b4-ad42-48c0-9aa0-9f961fe3be6a,Skibox,Lakewood Gardens,7445,https://noaa.gov
5ec447fc-23bf-46b0-8d64-c2b723aa214c,Twinder,Arkansas,8738,http://diigo.com
548c0845-c0ae-4ac2-bfce-3dc71c459954,Yamia,Messerschmidt,8037,https://cafepress.com
d3afc771-6e8e-463b-aa1a-e93cb87daaf7,Devify,Briar Crest,8659,http://trellian.com
6a219262-5a68-430a-a495-9083725cb684,Flashdog,Sherman,6404,https://lulu.com
f105f5fa-6f49-44f3-ac5e-175b0ce0e9f3,Eare,Fallview,5636,http://yelp.com
5b9cc916-f184-400b-a40d-beea64bfc5c7,Jatri,Mccormick,8625,http://illinois.edu
afd623c8-8638-4fbb-897e-f6b69c96bd2e,Zoombeat,Montana,8157,https://so-net.ne.jp
ef03c89b-1998-45f2-afb7-13f92003e25a,Browseblab,Moulton,4733,http://cdbaby.com
51dd3998-e656-4409-b637-f6476a59cf82,Wikido,Monterey,9688,https://fema.gov
5176ba03-1247-405e-84bf-3a80851a7128,Podcat,Hoffman,4439,http://hao123.com
28fa8413-a279-4604-aea4-5beb0c966176,Zooveo,Brickson Park,7523,https://shinystat.com
a0fa7487-1519-4e06-875e-4a9856fdaa42,Ntags,Dixon,6021,http://umich.edu
ec5bb5e6-f1e6-448b-ac7a-751ca411ca0a,Izio,Lake View,7680,https://washingtonpost.com
d4f0fa13-0fea-4efe-9fa5-3ad3cfae0fa7,Twimbo,Little Fleur,4623,https://gravatar.com
857b0dc1-fbb8-4038-9efb-a04cbac089f0,Photobean,Fairfield,3300,https://drupal.org
ebc49f6c-c2aa-453f-aa11-eedd0c776772,Tagchat,Banding,7707,http://ucoz.com
a2d1c6fc-815f-4682-b273-837524b7166f,Jaxbean,Esker,4085,http://go.com
75536d48-1631-418d-bc31-8023837e7101,Zoombox,Canary,1769,https://smh.com.au
38009950-2cd5-4d09-9705-992fabec3c82,Fivespan,Katie,5561,http://google.fr
4ae4c539-4c0a-4e01-8f77-04c0054e455f,Voolith,Nobel,1772,http://chronoengine.com
2398e32d-1053-44c5-bda2-89193711f16b,Jayo,Shelley,3483,http://tumblr.com
8e0f48dd-2700-4a75-8dd2-63df4d4d0bbf,Youspan,Parkside,8218,https://over-blog.com
18622188-aba1-4c82-8475-c9cffe348549,Youspan,Continental,1932,http://devhub.com
7aa3ac68-eebe-4f27-9bcb-25d852ce560e,Devshare,Village,8617,http://shop-pro.jp
761def27-0ea0-4d9b-9f0a-6f3f924f9f9b,Digitube,Iowa,6701,https://springer.com
48e37b43-7f06-4261-86b7-55e7b66f859c,Avamba,Morning,3180,https://ovh.net
90992b64-b1e1-41ce-a0f6-33cde44cbff7,Oyoloo,Lerdahl,1310,http://parallels.com
46a9c0cb-7760-4bbe-91e2-5b58ad756fde,Plambee,East,6829,http://123-reg.co.uk
3f2832c6-72f0-4a5d-b599-a1c05730e61b,Rhyzio,Cody,7562,https://usa.gov
f99b7c7a-9023-4260-8464-06e535985cc1,Leexo,Corben,8769,http://networksolutions.com
33368075-9305-4378-92cf-23c12c7de508,Skyvu,Warbler,3412,http://dropbox.com
c5dfa187-fdc2-462e-94bd-4f90790b69a2,Aivee,Artisan,5951,https://miibeian.gov.cn
f66d2d47-bb7a-4d27-9911-8172328d41af,Vidoo,Hooker,4034,https://scientificamerican.com
330d8bb5-86d1-47f3-b2f7-145650857064,Reallinks,Delladonna,3359,http://paypal.com
890a1df9-9633-4cbe-8861-e90bfd9b4ca9,Oyoloo,Sage,5550,http://wired.com
a9afbce8-e441-4e03-ba16-d6bad0befef0,Centizu,Bunker Hill,5737,https://nba.com
96c88505-7973-4213-b017-04c19c20a1bd,Jatri,Del Sol,7681,http://ning.com
283baa1c-4a66-4e11-8c94-9a825201db37,Meeveo,Grayhawk,5329,http://washingtonpost.com
1b69ae9e-6305-4680-80bb-f1d548458592,Quinu,Londonderry,7167,https://indiegogo.com
e0069ac3-9d4a-4a0c-b548-d7cd1247a835,Voolith,Westport,8324,https://oakley.com
b0d211bc-87f6-4843-8377-bd92add25103,Devpulse,Victoria,3559,https://ow.ly
91dfa07e-135a-404a-91d4-b72caf42aac2,Pixoboo,Mockingbird,2342,https://independent.co.uk
b7a63188-8257-411b-aa35-903c34b9986b,Dabvine,Michigan,6419,http://npr.org
ac9744f8-81de-4f00-86ed-6ec42daa38d4,Wikido,Mosinee,6519,http://pen.io
c87cf18a-f04e-4bf1-8e14-6bea649ab399,Zoomlounge,Lawn,7312,http://wikispaces.com
133fd606-413b-4881-8d24-d6429cdcb80b,Devify,Steensland,6042,http://about.me
dba92286-6ca9-49c0-a57b-619ec2c99ede,Bubblebox,Leroy,6559,http://hud.gov
40f8cb95-b8d6-4ddb-82be-4fd7f64f0c36,Eimbee,Morning,9034,https://reference.com
57af9b9c-7b1e-4320-8356-6b9d27740ffe,Photobug,Brentwood,5863,https://networksolutions.com
d422d2b7-0ea0-4eba-9e39-e9ed2099fbd8,Divape,Lukken,9788,https://odnoklassniki.ru
31e6e22b-f852-42ff-9972-dbc444c06f1e,Fivebridge,Superior,9071,http://pagesperso-orange.fr
89bc778a-1ef6-4c11-919c-8628feb2ce87,Meezzy,Clarendon,8336,http://google.ru
7df6b980-2501-4a8c-96f1-ccef1d7101c7,Skipstorm,Blaine,6066,http://altervista.org
a471cae6-7369-4129-9044-c9c3cea203f2,Yabox,Fremont,3184,http://wired.com
c225f87c-d193-4782-b775-7e58a7f6bf73,Divanoodle,Cherokee,1382,https://goodreads.com
ecf8c632-8d0f-4c26-bc71-b602b5a17839,Eayo,Harbort,8725,http://bandcamp.com
772a920f-9c48-408b-99bc-59eb9171643f,Wordtune,Grim,5924,http://gnu.org
4c0d0fdc-b0d3-43db-a328-2587057e6ddb,Thoughtstorm,Roth,4616,https://hatena.ne.jp
3a3eb15b-3007-4d12-9be9-f919f93e0570,Gabtune,Steensland,6634,https://columbia.edu
fe462f38-f53c-4432-8fbe-9eab97c04380,Linkbuzz,Little Fleur,1605,https://hexun.com
5a03a1af-c2fd-49d3-b055-0a22cea25f71,Skibox,Old Gate,9499,http://miitbeian.gov.cn
bc4a79ae-5c5d-41bf-a628-b3b4b1054f0d,Voolith,Dawn,8579,http://flickr.com
f3b179b9-c330-44f8-8e19-8f36f208525e,Photolist,Bay,6626,https://home.pl
ed79389a-7b70-4463-9ace-f486011c78c0,Thoughtbeat,John Wall,7577,http://ameblo.jp
6a3c84b6-fe12-4187-ae57-b60dace8a3a1,Linklinks,Menomonie,3848,https://prlog.org
033dafef-ef48-44d1-a5ee-42559928b6a5,Livetube,Pond,8809,http://hibu.com
5362e56e-c140-4844-81be-5b95870b1dca,Tagcat,Lyons,9078,https://qq.com
371c3b43-37ac-4a13-95af-7269e2000037,Tagopia,Longview,2906,http://yellowpages.com
2641d7a8-10ac-4245-b345-b4d1a85c25be,Roomm,Browning,8856,http://buzzfeed.com
43daf6f8-b4a4-4118-9537-a79e135eb00b,Nlounge,Maple Wood,9809,https://businesswire.com
f6e0afd9-4051-4009-a76a-2ccdbc2c4228,Tekfly,8th,7258,https://phoca.cz
0d759f6f-6b96-43c7-b008-aa96eeb37031,Trilia,Trailsway,1431,http://macromedia.com
7d018c26-44b3-4ed8-b989-3dbe0bdadc84,Skidoo,Morningstar,2670,https://bloglovin.com
b93f36d7-a3ab-4aaf-9593-3f2cb964b085,Vinte,Almo,1024,https://bizjournals.com
1d2f990d-e55b-4151-b674-6233588db799,Divanoodle,Troy,9337,http://shop-pro.jp
1a3ae09d-11ce-4a07-a91e-e1c9e33a5d7a,Dabtype,Anniversary,4168,http://privacy.gov.au
eda147fc-3320-46b9-b03e-26eb8df80ae2,Fiveclub,Fisk,1598,https://1und1.de
4c182713-0a7c-49e3-916d-081aba737106,Oozz,Veith,5772,http://google.es
3bc8fd1d-423e-412d-9028-c8146c772f61,Eazzy,Hoepker,1412,https://sbwire.com
7ab69bff-f718-4660-aaae-aab598615714,Oyoyo,Corscot,4267,https://icq.com
7e8a9c02-fa42-44fa-8f07-f29d5f0ea144,Jabberstorm,Pepper Wood,2422,https://slate.com
b4c55c31-2191-497b-b499-a727d0d32dae,Skimia,Chive,9698,https://epa.gov
c6523e58-63f0-4f5e-be41-38af7b9e1770,Gevee,Hagan,4933,http://vistaprint.com
5b806700-918d-4c6d-971c-4de6d05d3898,Yadel,Kensington,5113,http://skyrock.com
d21838dc-2ca6-42d7-a936-8344966380e8,Reallinks,Buhler,2918,http://alibaba.com
9006608c-1ac9-498b-a4e1-81d5740dc1bb,Katz,Trailsway,1228,http://slashdot.org
ad655e9a-9d88-46a2-8204-cfc1f8e5ada3,Feedbug,Dorton,8995,http://1und1.de
545736e8-f980-45b4-9eeb-e8b13178456b,Tagtune,Westend,9806,https://admin.ch
7b93e5fc-03d5-4c77-b7f1-3d412e2c477e,Photolist,Beilfuss,8527,http://imgur.com
eb30119a-7fa4-4644-9487-c229efd74d10,Blogpad,Jana,2422,https://cpanel.net
5e1c926f-7322-4d78-890f-9ac7ac227c7c,Zava,Eliot,6993,http://cyberchimps.com
7f65ac93-53e8-42bd-b5c1-c643a7a79f0c,Realblab,Bay,7746,http://odnoklassniki.ru
10b9c48f-46d7-4361-9946-e9ba78aff93b,Wikibox,Dawn,7976,http://tripadvisor.com
b64e2c8f-94dd-426e-9e82-0e70e413c9c2,Rhyloo,Moland,7361,http://macromedia.com
fe5b54f1-5718-419d-8dbb-bfb9d767519e,Oyoloo,Becker,4197,https://spiegel.de
dea31b6d-04e5-42c8-a027-9c1a9c068617,Jabberbean,American Ash,1368,http://jalbum.net
23dcaac8-751c-4422-b73f-388fa2272dc5,Tambee,Prairie Rose,4936,http://ucla.edu
877859ba-2e17-4db1-85c7-891fb5babb1f,Jabbersphere,Sycamore,2981,http://51.la
82bef0b7-008b-4b31-b4cd-0585938d8006,Skidoo,Gerald,3040,http://odnoklassniki.ru
6b796f17-147f-44bb-9731-868003f23e53,Yodoo,Atwood,7082,http://auda.org.au
995734ae-1d5d-4c72-9ce4-3d08a7607f08,Jatri,Independence,9792,https://so-net.ne.jp
9781eb3d-f224-4f8b-8159-f4146bff2be9,Brightdog,Dayton,8334,https://theglobeandmail.com
b0a31c5e-545c-467e-8a37-fcea3ba6910c,Devpulse,Kipling,9736,https://over-blog.com
2111377c-56c3-4c16-8881-905241ef860a,Devcast,Doe Crossing,6177,https://salon.com
1201ad99-de5f-4160-af6d-2fae9e4c971b,Devcast,Russell,5976,http://baidu.com
2a9ff7f1-eaf2-44e7-9048-9ec95f394689,Twinte,Stuart,7791,https://altervista.org
62c691eb-830d-444c-8c15-f5b73c949aba,Twinte,Gale,8674,http://people.com.cn
49912032-6db1-44c1-aa97-bbcafc31909f,Bubblemix,International,7003,http://reverbnation.com
7ef6c562-6f98-4f21-92a9-f23d7e48a954,Photolist,Claremont,2893,http://va.gov
4eb0de65-6955-40db-ad96-9bea43ecc51f,Vipe,Pepper Wood,1281,https://cbc.ca
55dbc8d8-d66f-4ff7-8bf6-2d8e3257af03,Kaymbo,Sachs,5990,http://pcworld.com
fb5d190a-ab9e-4eb6-875c-62bf6be5bc1c,Skimia,Trailsway,3251,http://upenn.edu
920de024-99be-42da-b85b-352119a42c58,Oloo,Anderson,8207,https://ed.gov
2df3aab4-d1d1-4146-849b-685d99720d6c,Jetpulse,Coolidge,9067,http://mysql.com
1c22b612-5406-4b71-93c0-c45c2cfd89a9,Twitterbeat,Prairie Rose,2260,http://tumblr.com
f90b7c7f-f61d-4ca8-b695-bde2f49ef27c,Skyndu,West,1629,https://cisco.com
fb2f37c1-b19a-476f-b50e-fd4e05c67924,Yambee,6th,4978,https://sciencedaily.com
7d3acaae-aebe-4b3d-aadb-5db342304766,Oodoo,Lerdahl,1766,http://sitemeter.com
77fa0a3c-b6ff-4a88-9296-0ded7a80b119,Livefish,Donald,4643,https://tamu.edu
480cf00a-2e5c-462a-a2bb-f2a33d7f5bc5,Yotz,Gina,1627,https://gizmodo.com
711a1345-694a-4769-b0ac-178c7cbaa3c4,Edgetag,Dixon,6586,https://google.cn
374c40a5-aa0f-49d7-a7d9-1ffd628669bc,Chatterpoint,Ridgeview,8827,https://oakley.com
2642fc10-d1ba-4f3f-ba2e-b3a7e68b74b7,Dablist,American,9728,https://phpbb.com
8ee09eeb-5dde-44c6-bfe6-c1c367090649,Geba,Sundown,6066,https://deviantart.com
3af3b758-a561-4d78-910a-2cae1ed70027,Tagchat,Ridge Oak,7184,http://wikipedia.org
0171fa44-b8ef-4cc0-8b48-8b28648927a3,Zoomdog,Roxbury,8724,http://vistaprint.com
8e6c49e3-0b4a-46dd-9b61-0d0143e69247,Wordware,Lotheville,6217,https://wikimedia.org
671bdbb6-e2e6-4689-97dd-e555c6371767,Topdrive,Swallow,8491,http://godaddy.com
b782ac82-e14b-4bb0-8281-3a177fee6ba2,Twimm,Elka,9712,https://lulu.com
f2755df7-baaa-4270-9185-07061cb62d9d,Kare,Knutson,8520,https://cam.ac.uk
ccf102aa-674c-462a-8838-aaa9b2c3b43b,Tanoodle,Dixon,8618,https://sogou.com
6ed9a3c7-2a2b-4517-941c-4a2ec36a6f8a,Babbleblab,Buhler,1241,https://slideshare.net
cae1e604-09f3-407f-a6b5-d96cbc5bda3a,Skyvu,Northland,4268,https://nba.com
dfc17536-ab60-4ca5-909e-635f2f3e2cf7,Fiveclub,Marquette,3210,https://aol.com
66414d69-6842-46e3-a4cb-773373621f98,Feedfish,East,6409,http://washingtonpost.com
feb3f1a0-d41d-4d11-9f93-27b5ba0597aa,Vinte,Mcguire,6226,http://seesaa.net
82c84bd3-63cd-4dd4-be16-43f910d71b39,Voomm,Monica,3751,https://opensource.org
2eb4191f-b5c7-4f15-8996-91b9eb502245,Gabvine,Talisman,2704,https://opera.com
5f49778b-c628-4ba4-a01f-f2a43818e836,Skyvu,Claremont,7043,http://umn.edu
c3c6c173-7dc9-4895-ad21-de08ed065393,Linktype,Cody,7929,http://liveinternet.ru
71ca10e2-bc02-4b3c-8177-d5709be955e3,Avamba,Waywood,2156,https://vinaora.com
12b38594-64df-48d4-9f0e-b3f7afeecb1d,Flipstorm,Holmberg,9002,https://usda.gov
3709e064-fd29-4ff1-b99b-72fa88f72ce7,Teklist,Dwight,1939,http://ucoz.com
a9460bb5-0464-4ffe-99a9-6ae5250f4541,Tagpad,Fair Oaks,4024,http://google.com.hk
a785d790-08db-4fdd-80a0-6b100900146e,Latz,7th,1613,https://hao123.com
93aebea9-de0e-4921-b030-0c2679ed008e,Mymm,Westridge,4813,http://yellowpages.com
0bdcd72b-d00d-4eba-9303-c6883cebe1ff,Eare,Prairieview,7074,https://pagesperso-orange.fr
3da310ea-1c0b-4716-af9b-f6a9e6381d79,Eire,Northridge,5369,https://51.la
7d17f3ad-7ce3-4a5f-8b93-f1e7ab092814,Shuffletag,Mifflin,8752,http://weebly.com
74cbcce7-aded-4d91-bd48-2fc2cd2c1ce6,Oyoba,Del Mar,7196,http://devhub.com
67d8cc96-7afe-4492-96d1-067dbcdf1e09,Eire,Cardinal,7411,https://xing.com
e02a7e47-db0b-4ca0-8adc-d3ca7c476f14,Realbuzz,Marcy,4836,http://miitbeian.gov.cn
2c3c536a-8b62-4592-b681-1d6f19adb995,Wikizz,Lyons,8881,https://typepad.com
5c5de7c3-5914-445c-bdd8-007894a2d2cc,Dablist,Amoth,9080,http://nbcnews.com
f41042de-3fe8-4728-92d8-08eeddd94335,Trupe,Onsgard,5281,https://slashdot.org
d376a948-b641-482a-ab9a-bb5725a49743,Gigazoom,Pearson,5331,http://dedecms.com
e1e9a304-3d8b-4fc1-96c6-c9a1be929d47,Flashpoint,Lighthouse Bay,5521,http://huffingtonpost.com
f3bf40d6-5655-47e5-8e1a-3d7faa680b32,Wikido,Arapahoe,9455,http://phoca.cz
f3293d17-75e1-4026-ad5a-f3533dbcfdf8,Tagopia,Sloan,8751,https://census.gov
7b146566-1720-4f6a-b044-96c1951f7334,Blogspan,Eagan,5640,http://whitehouse.gov
a8f2468a-7c62-4145-bd3d-b798a87cef31,Centidel,Drewry,1303,http://state.gov
a7f13b84-9ebb-49a5-a165-a3d06757a44b,Wikizz,Northland,6207,https://sogou.com
7a2dabcb-0664-4e36-a407-40c3ed2f7295,Voomm,Jackson,4537,http://example.com
3cb8cf98-bfb5-4ee2-9328-a35540789ea6,Eadel,Cottonwood,6909,https://dailymail.co.uk
de24632f-3eaf-434f-bf72-b37d6bfd2679,BlogXS,Oak Valley,7860,https://nymag.com
59346519-096f-46d0-b0a4-a6330a2069cd,Katz,Manitowish,8048,https://rakuten.co.jp
1b043ece-d571-4ddc-865e-aa22abefefaa,Vimbo,Ohio,3962,https://skyrock.com
dc9e830c-fbd4-47a7-ace4-26f550a087ea,Tambee,Evergreen,3851,http://surveymonkey.com
36299333-cf46-43f1-a163-28788cf5a79b,Flashset,Victoria,7872,https://chron.com
a526eee1-2fef-4d06-a765-cc7f92dbb2a1,BlogXS,Killdeer,5859,https://com.com
82080e1f-773a-4c5b-8fe3-579181f8428f,Jaloo,Forest Dale,1149,https://microsoft.com
a27baa76-ea3f-4760-ab8c-ef53aa935d32,Gabtune,Stone Corner,4911,https://t.co
043fde01-5002-4fd1-b6bc-d17c1b8cc67a,Feedmix,7th,7853,https://webeden.co.uk
57c3cd30-d00e-4255-bb0b-b6a96ac475b6,Kanoodle,Manufacturers,4489,http://istockphoto.com
e20281fb-6685-4b46-bc30-50dfa80b33e6,Quamba,Fulton,4049,https://nyu.edu
dc04fde7-d5d2-41c3-aba2-f69d3b97a53f,Lajo,Ramsey,7491,http://narod.ru
9772e2d4-9965-42c0-acfc-dee23fb48b49,Yamia,Union,3375,http://nytimes.com
36f00cf7-4705-491a-90e5-4f83879b0128,Kamba,Killdeer,2769,https://moonfruit.com
9000908b-4f42-494f-98bf-aeb29318938d,Abatz,Randy,3389,https://domainmarket.com
981191f7-82e8-4193-9cad-b6bb0195fb63,Agivu,Dexter,7634,https://hibu.com
2e69cc8b-b9f5-4498-a9d9-682db7036aac,Dabjam,Haas,8970,https://instagram.com
7e169a83-d585-4d1d-8f86-ebbe4333a1cb,Edgeify,Roxbury,9188,https://a8.net
aad26f05-dc88-4100-844f-e819a42ac765,Buzzbean,Bashford,5938,https://icio.us
b5486cc4-4ac3-4237-9ac6-0f3e4e5d7ffb,Livetube,Buena Vista,8740,http://moonfruit.com
e2eff4c7-7531-471c-9569-80f705bccf8b,Mydeo,Katie,3782,https://cmu.edu
484cb4d6-21a2-4fe3-a808-d686b319825e,Dabshots,Northport,2374,https://ebay.co.uk
50b25bc9-8ea9-482c-83c4-05a2c908ff7e,Thoughtstorm,Sugar,6903,http://csmonitor.com
3d997cd4-9d5f-4832-94f9-1b86181e4a2a,Skiba,High Crossing,9387,http://wordpress.com
20271f8b-f7fa-4c05-8dfd-046d1d36366f,Yodo,Waubesa,2543,http://ask.com
680e15b0-38de-40e9-a503-362f6989b71f,Yodel,Carioca,9366,http://psu.edu
f1fdf2b4-ca21-4ebf-a3ce-0c7fb43dfa03,Feedmix,Rockefeller,7258,http://indiegogo.com
4dffb8c8-ea24-4b29-8679-dbb79803e33a,Voolith,Holy Cross,9761,http://hexun.com
cdf60457-ba82-405d-9ce3-b1180e5b5893,Skajo,Twin Pines,1558,https://wired.com
2c5b5822-c919-4c6a-9c66-2ebef22578c3,Skimia,Bunker Hill,4439,http://ning.com
696dd13c-b530-46fd-a6a0-07868b4ed5aa,Aimbu,Evergreen,6880,http://reference.com
1b00fa1a-31bf-4534-9a14-d90a4af23bfa,Ailane,Carpenter,3368,https://netvibes.com
9efaae58-de71-4fcf-b34e-12af83008b11,Brainsphere,Dexter,4672,http://samsung.com
b8207126-0331-415d-afef-44f27ef27531,Avavee,School,6504,https://yandex.ru
780f95a7-b150-4f0b-a6fe-9dba38c02692,Muxo,Hauk,9524,http://gnu.org
8d8b92e2-e8d1-456d-b1a9-91d9eeca920c,Trupe,Esch,7217,http://behance.net
cb4dd250-a3f5-4042-8ca5-396480965ab6,Thoughtworks,Toban,7326,https://sitemeter.com
d3be8e38-0699-43f0-9feb-192599ad448f,Vidoo,Portage,6244,https://slate.com
ff3147ff-5b14-47c7-aa8f-0a3dda2aaa8c,Eazzy,Mccormick,7420,https://google.com.hk
bcf9227c-f91f-4aa5-a227-c02c8c65b23d,Bluejam,Springview,1498,http://bloglovin.com
b403c066-f79b-40c3-9dd2-e2ff377a915f,Zoozzy,Hoffman,9908,https://biblegateway.com
546d2318-9878-4a08-b504-16d54136c94c,Browsebug,Lyons,2365,http://java.com
018e6249-3b8b-4b8b-939b-737f9a74a325,Quamba,Dorton,7320,https://cbc.ca
06ac6f2e-c766-4d5f-8896-282f2135dbfc,Mycat,Sauthoff,4034,http://ycombinator.com
bcfe336d-0f87-4e88-b310-96f78326099c,Gabtune,Farragut,7778,https://skype.com
7d0290e4-d28d-40a8-b703-e28c8924cdde,Abatz,Linden,7929,https://weebly.com
8d89f1f7-30fc-416d-a8be-4d81e34f44f9,Demivee,3rd,1100,https://redcross.org
9fe4b1b4-9ee8-40f5-899c-205ec9a29273,Voomm,Rigney,5966,http://statcounter.com
23c71849-0ac5-4357-9f50-2bbc752eb99f,Thoughtstorm,6th,3300,http://people.com.cn
7730dc82-d9d8-4c54-b41e-2e8ee8606601,Ailane,Florence,5618,https://ifeng.com
e9e13b02-e607-4165-a3a8-0a1338fc2061,Linkbridge,Warner,5270,https://ucoz.ru
fb963a8b-ff26-4fe7-8fcb-388d24ff96a9,Aimbu,Melrose,8127,https://feedburner.com
7f40696f-53f8-440b-a5ba-8cffec6b1ea8,Brightbean,Vera,2765,https://scientificamerican.com
f7b20d6c-45b6-4cb5-9456-e14dd1e018a6,Innotype,Fisk,4986,http://com.com
515ca7dd-23bf-4b4f-9262-828426378ba7,Zazio,Norway Maple,5006,http://github.io
0fd89301-7d64-4a47-bd3c-5802a2ec59d6,Voomm,Portage,6804,http://topsy.com
d4a86461-6efc-4769-a6a9-1622706f09e4,Eire,Spenser,3412,https://scribd.com
b36ed9d5-7bfb-49ce-9573-f5aed838962f,Ainyx,Moland,8158,https://mac.com
db9c3df8-4d43-46a9-ab89-2ff2b2e6d011,Voolith,Oak Valley,6192,http://google.com.au
50571acb-671d-4bf0-adc4-ea97196dcf85,Eadel,Steensland,2354,http://omniture.com
54575ee4-193a-49c3-8887-21664d982be1,Mudo,Raven,6493,https://washington.edu
a20f9cdc-e8f3-4268-924f-4e349444d242,Gevee,Morrow,3418,http://nationalgeographic.com
95af4710-2671-4709-ac1c-b958d0db3910,Babbleopia,Dovetail,5503,https://disqus.com
cdf88d04-c5cf-47c7-b32c-0c6ce31d8ca6,Wordify,Goodland,6065,https://etsy.com
7b60189f-d976-4c86-9fc5-bb73905c5338,Yakitri,Ruskin,5690,https://themeforest.net
dc511412-caa4-4498-af75-8a449da273cd,Eabox,Surrey,1863,http://chron.com
ea57cb39-2f1e-4653-aa70-c19110f6ad54,Eabox,Banding,9029,http://accuweather.com
da87ec86-eeaa-4308-a51a-947bd5e6ed48,Twimm,Independence,2533,https://scribd.com
f3491151-7770-46da-8842-4bd9fa015779,Ainyx,Clarendon,3440,https://cafepress.com
e192bac6-0cfc-4a9b-a7f0-a6455c3a9d8c,Trudeo,Pennsylvania,9765,http://bigcartel.com
fe4f0711-5fa1-4ef4-8370-0f919a72c9ff,Jabbersphere,Buell,8193,https://toplist.cz
0ca66178-573f-4553-82e5-c95c4eb7cbb8,Yodoo,Meadow Vale,5472,https://squarespace.com
58102825-8593-48f2-be2c-dbc4253ea0fb,Gabspot,Rieder,3028,https://histats.com
736758f3-8506-4c5e-aaab-71bb8ddf490c,Leexo,Becker,5014,http://jigsy.com
817cbae9-016b-4c5b-be52-529d707e0488,Flashspan,Mockingbird,1047,https://godaddy.com
1e3f2a22-2660-43b4-910e-09177794ae77,Eabox,Colorado,9846,http://gravatar.com
8d0ac07e-1e0e-4bea-8d68-a818edb816aa,Zoonoodle,Anzinger,3491,http://aboutads.info
60428a5c-b35a-4732-aab5-237e6f7f5ce2,Fatz,Petterle,8275,http://prweb.com
b89c93a3-b591-4948-98c1-25b382c9a465,Feedspan,Thackeray,3839,https://comcast.net
e1948797-0f67-4362-8464-9ba8110a545a,Zava,Roth,6438,http://wordpress.com
56fc1ada-99f7-48c8-9de5-15e508436e2b,Trupe,Butterfield,4987,http://patch.com
b21fa7a7-4e6a-4f25-be67-a5dcbe1d42c6,Fiveclub,Glendale,1271,http://chronoengine.com
e4249d58-4364-487a-a974-4c1d7998c816,LiveZ,Steensland,4869,http://princeton.edu
09210d9a-909a-4aaa-a4ba-04f9fae3ecf7,Topdrive,Declaration,8091,https://exblog.jp
1a1f1510-42d6-43d1-be51-f5974ca07b5c,Centimia,Vidon,1975,http://google.es
916c08c0-9e06-458e-8faa-3919c9cf323f,Pixonyx,3rd,5972,https://theatlantic.com
77ac6d17-d186-4704-a534-4a4d93c2d587,Skibox,Summit,3382,https://instagram.com
218feb52-c879-4f93-8193-7694e34e97bd,Divanoodle,Mifflin,2268,http://joomla.org
939dc5ab-283d-4997-8e81-eb4c0ccf5975,Flipopia,Bartelt,1155,https://opensource.org
3964165d-c079-4d8e-af3b-f188fb9d51a5,Livefish,Hayes,4277,http://scribd.com
d2e65337-b750-429a-b903-80ed901570e3,Camimbo,Forster,8802,https://opera.com
9252ddd7-5ad0-4f49-bd4b-8c9c2a266978,Muxo,Vahlen,8573,http://sohu.com
3f732947-8aec-4269-bc01-31c1468dd5e7,Aimbu,Scoville,9775,http://abc.net.au
995a5a50-caeb-4c32-922a-052cc1192b35,Pixoboo,West,3278,http://whitehouse.gov
4dfd2df0-01b0-4ae1-ab45-141bca7c5e49,Blogtags,Maple Wood,8543,https://guardian.co.uk
193d2b01-8d23-45dd-9d58-d31df54b702a,Thoughtsphere,Messerschmidt,9963,https://wordpress.org
733160c6-1a08-4550-a6f9-2b9e9490c1b0,Photolist,Bowman,5735,http://a8.net
e53ce9fd-70ca-426b-bc40-4b16b8f7c573,Fivespan,Namekagon,3716,http://imageshack.us
14d1aa72-3557-453e-8d17-90986c116a0a,Innotype,Huxley,3818,https://dailymotion.com
467809f2-c6b5-4a1d-a941-19db34026914,Pixoboo,Eliot,3077,http://toplist.cz
af1f8523-babc-4b68-ab21-89d75f64ecbe,Oloo,Chinook,3741,http://people.com.cn
e411c5c4-293f-40f6-9b6a-ba318d7f6a62,Twitterlist,Hollow Ridge,2456,http://goodreads.com
5f4158d8-0afc-4faf-96e2-5f6a0bb429c4,Trilith,Gerald,9679,http://msu.edu
1f25ace6-f531-4f05-972d-f42eb80654f1,Devpulse,Bay,1961,https://psu.edu
d013551b-5eca-4096-a7bb-84248a0aaa0b,Quire,Oxford,7024,http://apple.com
abe8a53c-d31f-4eea-81fe-061f03abb15b,Devpoint,Calypso,2557,https://sakura.ne.jp
9b1418a9-181c-4cd1-9ceb-8d409b118046,Thoughtbeat,Veith,8374,http://alexa.com
b0eacea4-a0fd-4418-8544-5767a386674a,Brainverse,Menomonie,1776,http://utexas.edu
6ca79e65-6017-4d94-b949-94f7ef8fe334,Linkbridge,Fairfield,8316,http://webnode.com
9da68b5e-287e-4ea6-953d-1c9b02516770,Blognation,Independence,9048,https://gravatar.com
a8b13ad6-1550-418a-9cf5-3360ea19a56f,Lazzy,Nova,2113,https://nyu.edu
8b1fd44a-5a48-4650-aec6-628166f0861f,Quimba,Brown,3852,https://list-manage.com
63ff33ad-d59c-4576-83a1-76a3d38659ab,Blogpad,4th,9178,http://live.com
14e06e36-27a9-44bc-9076-7069642b5834,Quimm,Onsgard,7259,http://europa.eu
83a8a43f-52e0-45a1-a611-0dbd60474cef,Eire,5th,8054,https://admin.ch
381d7fd4-5f44-4284-81a5-f6e34a359de6,Flashdog,Independence,1073,https://technorati.com
de34807a-09dd-437b-a577-d8a9b0e9bc55,Rhynyx,Summit,7492,https://digg.com
896c2bc0-6404-4109-903b-c326b84f1d4f,Skilith,Monica,5334,http://timesonline.co.uk
bf64b9fa-4f50-445b-bdfe-b904924bf84a,Youtags,South,5985,http://boston.com
5fa98a9b-9680-40b1-8e56-a0fd175e4c69,Gabtune,Pepper Wood,6261,http://buzzfeed.com
6c939df7-c3a8-4f98-bbd9-7106f957df1d,Meemm,Walton,7987,https://cisco.com
ce507173-453b-4e16-8b55-d74d1c0b5592,Gabtype,Kinsman,3143,http://amazon.com
2dc7e0e3-b624-4ded-82d1-6c709aed4ede,Wikizz,Comanche,4535,http://odnoklassniki.ru
b5b61d31-8b1c-49d9-986c-a0b17c30f456,Mydo,Portage,8887,https://creativecommons.org
5f19481b-0fd7-4311-8e5d-2deb52b95220,Dynazzy,Sommers,3327,https://networkadvertising.org
9f43ede1-c00c-4214-b591-1738924c7a03,Voonix,Vermont,5951,http://twitpic.com
65916e5d-a305-45a7-bb00-b2a2405b5838,Ntag,John Wall,1635,http://meetup.com
2c49c2ee-3100-4ec0-8691-a2a25670a7b0,Devpoint,Twin Pines,2654,http://twitpic.com
1cdd2288-5250-4bfa-8008-6ff8f29746b7,Eamia,Trailsway,4713,http://ning.com
749b4edd-5e5f-48cc-91a9-1c26bed0b91c,Tanoodle,Boyd,8387,https://posterous.com
89f263b1-2d33-42b2-8a8e-4a33cddeb1d6,Rhynoodle,Stoughton,1382,https://vinaora.com
caa507d2-f615-4f67-85ce-e6d181cd4e58,Feedspan,Melrose,1715,http://storify.com
e0352b0c-9f3b-4658-937d-73470c95dab6,Jabbertype,Hagan,9217,http://narod.ru
097f03c3-a587-4a19-817b-b2dcb8d88f52,Vidoo,Buell,2257,http://creativecommons.org
8904062f-916f-4a54-bd8e-7962096267c6,Wordware,8th,1119,https://behance.net
4dfb8e09-c579-4167-ad6d-65c3c9cef955,Meemm,Fairview,3341,https://netvibes.com
1d8e10fe-6140-4d17-9233-2e274df9f9a5,Devshare,Burrows,4310,http://hatena.ne.jp
edade8e9-dc81-471f-abf6-a69e7bcd4a8c,Lazzy,Tony,1182,https://soundcloud.com
b88c0808-580f-479e-a0c1-c41084cd7aef,Zoonder,Onsgard,3465,https://bandcamp.com
b74e11a5-a9d3-4c51-af7f-9510b162295a,Roomm,Brentwood,3902,https://who.int
e3228b68-3576-42ad-b84d-c84c5ec6f862,Yakijo,Texas,2646,http://mail.ru
01ddb77c-7461-437b-bd2e-26cc79233fef,Zooxo,Tennessee,4181,https://prlog.org
38f5b027-9326-47be-8792-68c3fb87d39a,Roomm,Stoughton,8393,http://fda.gov
478ab911-1fee-4060-9dee-d2d129890f04,Youtags,Loeprich,2672,https://livejournal.com
e4e8c448-5e72-4625-870d-23a40916862e,BlogXS,Mifflin,1233,http://friendfeed.com
5e65d0d1-a31c-481b-897f-d6f5d3137065,Aimbu,Forest Run,1335,https://imdb.com
45ecf9ab-50ef-4b2e-b452-c8dd437ce520,Oyope,Delaware,2100,https://utexas.edu
5af0c792-181f-4767-b74f-8545ca48ad19,Kamba,Eggendart,2878,https://ow.ly
9be03ad4-609e-413e-84d9-92e50f551440,Jetwire,Petterle,5088,http://unicef.org
2f42de9e-964d-49fa-9786-4dd1f96b6b4c,Jabberbean,Shelley,3262,http://cdc.gov
6c2d6db5-0afd-492a-801b-5e4b1081a982,Skynoodle,Lotheville,5659,http://mediafire.com
a62189e7-6b31-4ca7-a0d8-6f004cc5d36c,Viva,Thierer,6165,https://si.edu
047508e3-cc9a-4cca-956b-c5194fb372fd,Midel,Basil,4901,https://surveymonkey.com
95179154-b331-4a69-88e1-8ffdbb6cedbc,Flashset,8th,9171,https://virginia.edu
4604e2c4-4233-470b-bf33-5e4e06587c71,Jabbercube,Florence,2928,http://whitehouse.gov
5f6d973b-70a6-4ad5-9a63-58186c02d6ac,Meemm,Gale,4127,https://issuu.com
3fab4b7f-a520-4970-85fd-9e2cb6dcff44,Meeveo,Mandrake,5250,https://vk.com
ab1d86ea-f8c9-4775-ae7e-e3fd48e95063,Jaxworks,Spohn,9959,http://thetimes.co.uk
bee3b16a-cb9f-4d5c-a93d-3985647ce2db,Wikido,Lindbergh,6746,http://w3.org
0d5196f2-cde9-441e-aded-50224454073c,Feedbug,Bobwhite,2746,http://merriam-webster.com
3a7c208a-51e5-4f3f-9b49-614061158821,Cogidoo,Ludington,7663,http://ucoz.com
82447da5-2d92-46cb-9d00-59da8835998a,Tagchat,Farwell,7115,http://e-recht24.de
53b71b83-fa2b-43db-8a1c-ec9c8728699f,Devpoint,Memorial,7284,https://discuz.net
b9aa754a-f88b-4fb5-a6fc-50c7eea7bfc3,Eadel,Erie,9433,http://apache.org
affe8f81-4956-4291-b4ca-ea85bbc8f7d6,JumpXS,Dexter,5912,https://archive.org
19a9d004-4203-4b62-9693-cdf7d3a73115,InnoZ,East,3515,http://guardian.co.uk
2e8b0f25-b6b1-4242-ba00-be4ef15bb690,Yozio,Fulton,2437,https://who.int
e2d0faf9-9de8-4dea-92a0-a59c256b5c79,Devbug,Dorton,1196,https://youtu.be
165e6700-74d9-4c5e-8961-921708794f0a,Jayo,Garrison,1445,https://cnbc.com
3846ccc6-15a7-4191-be59-e775031ae3c7,Jayo,Clyde Gallagher,8979,https://nps.gov
d2cc6404-8c40-4915-92de-140b6980f917,Flipstorm,Beilfuss,1610,https://cargocollective.com
5f7c53b7-67c0-43f2-9021-dde6ce4eebee,Aimbu,Weeping Birch,4049,http://china.com.cn
93670e75-1da1-47c5-8c60-acd6f19ea8d0,Youspan,Brickson Park,2431,https://nhs.uk
b527f8d2-750c-4371-922c-aa07bc7eaa25,Chatterbridge,Colorado,8837,https://tmall.com
660355f0-96fa-4c42-bb8b-4117c54c39ed,Tagtune,Lighthouse Bay,2955,https://europa.eu
2f6b7f0a-212c-4d60-94fb-684ae0484d83,Muxo,Green,7913,http://time.com
cefb5eba-a70f-43f9-89c2-184149fa4036,Fiveclub,Morrow,5031,https://tuttocitta.it
320100f6-c5dd-4bc3-a5f9-676023a8ca34,Skiptube,Oak Valley,5788,https://constantcontact.com
02bb3f8e-5512-47fd-b6a5-c9b9b3555752,Dabtype,Victoria,6088,https://over-blog.com
e4ffeb58-0c9a-4f2b-b207-6b6223b7dc0a,Katz,Merry,4659,https://pcworld.com
87081e01-1e26-4ea8-b9d8-5e2715fe69af,Dabvine,Lakeland,2383,https://sitemeter.com
cb23cfbf-c7fd-431d-b5ae-210e696571c3,Vitz,Carberry,4828,http://lulu.com
1abc8f49-318b-4ef9-9044-a3ec429d1d83,Kaymbo,Florence,6508,http://gravatar.com
981335ef-2edf-48b6-942d-f3f2bc2f1471,Yadel,Hovde,5031,https://artisteer.com
00b13250-9617-4a75-93c7-b0af1b2a29ed,Voomm,Garrison,8575,https://wsj.com
764d0285-a656-482c-b72b-9202eccc7698,Voolia,Farmco,8561,https://prlog.org
e3ea20b5-f54b-40e2-8a95-de1cd89bd32b,Riffpedia,Moland,4526,http://hostgator.com
d2453714-77d7-4a00-87b8-0b51de504808,Meetz,Northview,8650,http://merriam-webster.com
bd251b48-876d-4021-9244-f2ac1e375e58,Bubblemix,Burning Wood,5913,http://wikipedia.org
33bb0bb5-8dbf-45c0-b13b-f820ead1004e,Jatri,Oakridge,1347,https://google.de
c3d7196f-f42c-49e5-bb4a-ee012f444ece,InnoZ,Garrison,2439,http://moonfruit.com
c30104e4-06f4-4503-ab72-56b76d99eee2,Fliptune,Lakeland,8655,https://nih.gov
804193e1-764d-4bb8-834a-1fd82d36d67a,Camido,Roxbury,7002,http://hexun.com
338c1ad6-b55c-4f48-a6e8-0a33a9f87c50,Browsedrive,Hollow Ridge,4244,http://tuttocitta.it
2d97bd56-77c5-4329-aeb6-389710ae07fc,Bluejam,Westridge,4298,https://blogspot.com
97ed728b-25df-4d8b-8dff-afc0a8ccf77c,Yodo,Arrowood,1164,https://dmoz.org
205e28ab-2ad1-4a5e-a682-9c8f09a87530,Twitterwire,Northland,4596,http://icio.us
e26f2828-8e0a-4c29-9de8-7845a1292d79,Jabbersphere,Dawn,7716,http://telegraph.co.uk
bcb9bf4c-44f1-4d0b-a3d2-8009847f07fd,Eimbee,Evergreen,9552,http://yelp.com
f13d3ca8-d2fa-4aec-8a5e-aa3ed7ce3558,Tagopia,Kensington,6411,https://wordpress.com
92f9833d-a7e4-40aa-9f7e-a588638124ad,Shuffledrive,Bonner,5354,https://skype.com
00652f0f-0534-421f-9a6f-27150fbabbb6,Riffpath,Hudson,3410,https://unicef.org
e517d98a-7d2f-4b26-a3bc-32f94e56890a,Divape,Luster,1295,https://sciencedaily.com
35e04c08-b541-4287-84cc-39d9235aeab1,Cogilith,Veith,1509,http://ihg.com
9a925020-a58c-4771-b850-d7db0e6fa347,Livetube,Sage,7203,http://va.gov
467a91af-1d31-402d-8df7-66306315cde8,Twitternation,Mendota,9913,https://adobe.com
b66e5354-9b90-47ec-8bad-7e2d788e15b2,Brainlounge,Eagan,3609,https://baidu.com
bd004767-ef8a-4023-a9f7-6a93a9a43d51,Podcat,Dryden,7535,https://google.fr
fbdbc0a3-3d72-4c0d-b821-da219c965345,Wikizz,Marcy,4299,https://zdnet.com
762535d8-a7af-4c45-838e-3621cf0cf07a,Shuffletag,Bultman,5290,http://liveinternet.ru
8b0831db-e900-4992-bc24-779f3147cc93,Youbridge,Fairview,1962,http://patch.com
d2540eab-ec9d-4cb5-b7ed-d0167f75619a,Gabvine,Independence,6780,https://360.cn
e30af5a1-f2fa-43e9-b7c1-9bdfeef0bbc7,Youfeed,Scofield,6116,https://bizjournals.com
cd355ebb-9fa8-4122-8909-0300f78b270a,Wikizz,Pine View,3917,http://bizjournals.com
035ce9d5-d878-4c8d-b84b-09a2a6afcb6b,JumpXS,Meadow Ridge,8596,http://macromedia.com
bcbbc3ff-4cc8-44e2-bfad-2ec28791ceea,Pixope,Summer Ridge,7878,http://bloglovin.com
b939195d-aad5-4856-9035-6110d1c9a11a,Devshare,Ilene,1213,http://edublogs.org
56a61906-c1eb-458e-bfb7-c56eaa44604e,Tavu,Arizona,4523,https://hugedomains.com
a6b6825e-eabe-44d5-b41c-95a4f0a1b2ef,Wikivu,Corscot,9450,http://twitter.com
cce1c6fc-6868-4e3b-b70d-e01275fcc95d,Kwimbee,Bowman,2626,https://newsvine.com
a2f23dcd-4333-4296-bbb3-c389b9cd66b4,BlogXS,Waywood,2033,http://dion.ne.jp
97fad379-ba2e-49ef-883f-794080761fda,Fivespan,Jana,1967,http://devhub.com
abc5efd1-e58d-475d-bc0f-46c476632da9,Yozio,5th,1300,http://macromedia.com
86210684-8462-4d0f-8bf7-ba5e0b84cb79,Bluejam,Lindbergh,1874,https://sakura.ne.jp
95c39c94-0908-4320-a23b-c9c93dca2793,Eayo,Lakeland,6661,https://blogtalkradio.com
04b946b4-0d1f-4255-b642-4ddbf77aff05,Eazzy,Butterfield,9963,https://ucla.edu
6d5f2196-9265-4711-a180-e750b6b24527,Twinder,Ridgeview,7263,http://webmd.com
7ee92383-4ce8-4028-b0a2-60bae0f62fa5,Meejo,Talmadge,5889,https://arizona.edu
e8493368-eb5e-4563-820e-d7b38b309c4d,Einti,Westerfield,7862,https://slashdot.org
5c4b4e6b-ca38-4a71-95eb-6051bfd81dea,LiveZ,Armistice,7118,https://ucoz.com
8a5a879f-e6f9-4e96-94b8-d8e7f37e6578,Kare,Anzinger,4761,http://tripod.com
80434a32-6911-4843-8252-b31895c09758,Zoonoodle,Arrowood,9439,http://feedburner.com
9bd0a812-e2c9-44b5-92ce-581ddf58a47c,Linktype,Kinsman,4856,http://newyorker.com
be4f9202-4932-47b8-8e0e-d2c9a4c5289e,Flipbug,Ridgeway,5239,https://cbc.ca
83d855b0-c609-4309-9b26-acf442661108,Zooveo,Mifflin,5043,https://google.cn
40cc878c-3496-4ce4-a7c4-6303e802395d,DabZ,High Crossing,1947,http://about.com
d5c354ae-cff2-49f7-aaae-16fc012eb7d0,Realcube,Maryland,8264,http://shinystat.com
009f5639-fa26-4423-88f6-383d8334a45b,Babbleopia,Bowman,2342,http://wunderground.com
7afbe226-b391-4948-8a18-90fdc779bd52,Eabox,Gina,2660,https://cdc.gov
827ec64f-f651-4532-9e3e-0586d3c209fe,Mydo,Burrows,5506,http://w3.org
7b397c00-4fea-4af5-ab13-90322445f698,Kamba,Briar Crest,5611,http://last.fm
46650db9-4ba2-49a4-91d2-1db8272127de,Brainsphere,Fieldstone,6038,https://sitemeter.com
a760d6c6-38f1-471a-9a51-4ae18a0ea6ed,Kayveo,Red Cloud,5762,http://geocities.com
b9e9edf0-7e06-4900-b660-cf9008ef5419,Geba,Drewry,6445,https://shutterfly.com
f9ac270c-8a10-4ebb-bcfa-c43dcf0bf07d,Twimm,Upham,5524,http://skyrock.com
81a36b14-687f-40cd-a428-f2911b0bfbf4,Wikivu,Grasskamp,7238,https://boston.com
0519d2ea-5c9b-44e6-9620-15b49fbcaaab,Devcast,Grover,7694,http://miitbeian.gov.cn
8cbfff18-94c3-465b-be7b-0b4dff258f10,Skinder,Waywood,6428,http://harvard.edu
2459fb87-cfaa-4e8a-8e2c-f6f91a7eb1f6,Twitterlist,Lakewood,9195,https://wordpress.org
d951629c-5890-400a-add3-f7bd16ed7d24,Buzzdog,Shoshone,3865,https://imgur.com
9af74b3f-5d71-49b4-bef0-468e147d01cb,Jaloo,Veith,7514,https://cocolog-nifty.com
3f368760-85ad-46c3-a328-68332e00dfbe,Brightdog,Fisk,7465,https://cbslocal.com
701e520d-97d8-410b-8078-fbe0893305dd,Linklinks,Straubel,6375,https://sciencedaily.com
df44d325-05e1-4af8-9f1a-be1f8f84fae7,Trilia,Morrow,6227,http://sogou.com
2adc436c-bebc-4766-845c-87414e78eef2,Feedfire,Lotheville,1494,https://qq.com
1bcb509a-907f-4f1a-b8f5-3ff4d576e01e,Skipstorm,Dovetail,6490,http://ameblo.jp
ccb41d05-fbd1-4e38-9d96-4d65e1a79fc3,Izio,Jackson,9034,http://dailymail.co.uk
1ea0589f-0f84-4073-9a77-3cd75e4b6cdd,Demizz,Mendota,1438,https://tumblr.com
015e2b30-afb9-4edf-b524-ac6346cb6628,Kazu,Onsgard,4798,http://1und1.de
5ecb4120-bc07-4f76-af2c-5f4e4eef62f9,Vitz,Morningstar,5972,https://macromedia.com
22a69d2a-29a9-4577-90d8-dadacf56843c,Kare,Scoville,8036,https://soup.io
f7aafd60-c28f-4b22-a7d5-3110dd4618b9,Babbleopia,Eggendart,1211,http://google.com.br
e570c450-d908-49c5-bdb4-6852210d16e7,Flashpoint,Golf View,4169,http://tumblr.com
39a60708-0020-4260-8ce4-016ff92e23d4,Teklist,Stone Corner,1253,http://guardian.co.uk
d9042423-f519-4dfb-8de5-0385a0cf0438,Oyoba,Sage,4850,http://linkedin.com
eb1effe6-9ec4-4618-88e2-722c535bfee2,Centizu,Sachtjen,4656,http://behance.net
3b7537e3-b7c3-4387-b631-137b6173b037,Twitterworks,5th,5181,https://skype.com
d52179da-6bd5-47f5-a5cc-a590d9381cf6,Eazzy,Roxbury,3703,https://aol.com
c8876cb7-9f1e-4fb7-8631-874cad03918c,Jaloo,Cardinal,2502,http://sourceforge.net
4c496168-76ad-4c55-baa9-42ec0c55036d,Zoonder,Hazelcrest,8449,http://ucsd.edu
2a3e3b79-e219-4e2f-89fc-07e0e877fbde,Yacero,Hooker,4435,http://cafepress.com
7d83f0e0-c731-4bf5-87f7-4c507d6f2c04,Twimbo,Cherokee,4458,https://fc2.com
3837e929-be84-40a8-9555-15f227c646df,Divavu,Warbler,4737,https://wordpress.com
d538deb2-f785-4963-97c8-af035586c99a,Zazio,Clove,1211,http://artisteer.com
aab31195-b711-492a-97b1-df79dce4996a,Roomm,Hayes,4357,https://google.pl
7f1309d1-881c-495f-bbb4-1c2dbc65c8af,Flashpoint,Orin,6416,http://vkontakte.ru
5e6bb354-0abf-4d94-bc65-19edbe33944e,Photobug,Longview,2721,http://cnbc.com
388741c1-d6c1-4189-b206-bc94f853c6e9,Shufflebeat,Florence,3245,https://myspace.com
cc5066e4-e6bf-4a51-b17e-8f1f1193d41b,Leexo,Marquette,1941,http://admin.ch
12bb5179-01a1-4f07-a629-54d66bfa1b19,Mycat,Shelley,2420,https://hostgator.com
9a4a245c-b050-45c8-a550-b377566fc4b4,Layo,Center,5736,http://blogger.com
416ca5fb-21bb-4575-ba61-f33bb80d771e,Realmix,Vidon,4415,https://cam.ac.uk
0d7e2458-57f3-4b67-ae7c-d0568372d994,Photospace,Sunfield,5995,http://flickr.com
144a2f4d-d3ea-4aa1-907c-e8856bdcbd65,Gabtune,Lien,9188,https://ucsd.edu
0f6bf146-e751-40f7-8490-a74e6b5bad74,Vidoo,Farmco,5447,https://instagram.com
412fe49d-051d-4771-9e25-a86a87abcf13,Dabvine,Daystar,4215,http://oakley.com
8d0774e0-d964-4617-a098-6691fccd6977,Quatz,High Crossing,1319,https://wikia.com
36f7323e-5033-4047-a7b9-76ceff9f3f7b,Jabbercube,Bultman,3935,http://free.fr
42203e69-a951-4840-a081-7d026cc8e63c,Yodo,Carpenter,8141,https://csmonitor.com
8b174883-9dc4-4a25-82e1-5d40b5c9c30f,Brainlounge,Evergreen,5847,https://nba.com
3030f982-49e8-4d82-b4c8-7cf982d97a61,Zava,Gina,7216,http://gnu.org
a41392b6-3ff3-48a1-89ae-6c792cb7d748,Realcube,Carioca,7400,https://state.gov
2834064f-82c4-4164-883d-76efea9ec405,Innotype,Almo,7587,http://wp.com
cb190069-c436-4034-8c9c-48131b3ad4d8,Reallinks,Monica,8333,http://youtube.com
0d32a130-3b58-48cd-9cf3-2a3b0166e2e2,Reallinks,Sycamore,6015,http://theatlantic.com
aa8dc717-1fc0-40a4-a15b-188a21e3f497,Leenti,Monica,9700,http://csmonitor.com
cd379fef-487c-4075-8501-01de7ef9aea5,Topicblab,Browning,3071,https://blogtalkradio.com
a70fcc14-2dd5-4273-82f5-9c67e0225e85,Skinder,Ramsey,9289,https://columbia.edu
a8f01c18-f2a1-4d50-a48b-6640e1d75348,Gigashots,High Crossing,2409,http://archive.org
64de3edb-580f-4e42-98d5-b204f5375a4d,Plajo,Northport,6394,http://omniture.com
0737d0bf-b7af-4e19-8c57-2b1e4ce664b6,Youspan,Amoth,2926,http://netscape.com
9ea71e9b-df33-4507-9eea-2d64837097aa,Jayo,Sachtjen,5648,http://ed.gov
7074f1df-840b-456d-b458-7fa65004e2cb,Lazzy,Pankratz,3133,https://bing.com
fa1d4beb-b404-4c53-98f0-abe14f89e765,Myworks,Mendota,9509,http://etsy.com
3af1cb91-4087-4b94-98e5-3bba868e4a84,Skiptube,Monterey,7204,https://vinaora.com
c7149b44-6ac2-4f15-a713-ec209c7d1d61,Yodel,Hovde,4795,http://hubpages.com
34100908-ce15-4826-9695-b0be7da2fd19,Fivebridge,Fremont,9031,http://ucsd.edu
51aa9844-6a5a-4662-853e-fe6c93cf1b9d,Shufflebeat,Golf,9777,https://shinystat.com
1728b0a6-46be-47c0-ac3e-e256d477832b,Mycat,Shelley,8488,https://skyrock.com
ed48ead5-ba99-40f7-bbc7-8ee8b7d25467,Zooveo,Sugar,4243,https://wikipedia.org
3c17e9d7-4427-489e-8671-853f75f73f1e,Yodo,Towne,8913,http://newyorker.com
10e6d425-31cb-436d-ba2f-22a1c6d82f5f,Realcube,Anniversary,8473,http://biglobe.ne.jp
fa29051b-045b-4691-bb9b-384b6d4eac62,Tavu,Hallows,2788,https://reference.com
f6387b5b-66bd-4585-8231-6f4318d8714e,Mynte,Katie,2287,https://gov.uk
00d2f390-0107-4b3c-8ad1-c79ee55a79f7,Thoughtbeat,Green,6427,https://sakura.ne.jp
52fd9721-5beb-4ce1-b594-b29f7704b7ce,Gabtype,Boyd,6653,https://ameblo.jp
6833e8d5-b73e-4bf3-a260-b09057ce150f,Innotype,Butterfield,5011,https://blogger.com
91085c82-ba2f-40db-913b-eac5fdb18ca9,BlogXS,Emmet,2478,http://booking.com
c84cd9bc-d2fc-4b49-9dcc-6503cf62a47f,Photobean,Gale,8220,https://printfriendly.com
72b129b8-77a4-404a-885d-b2dd2b9aed9e,Oloo,Hagan,4286,http://sina.com.cn
f71703cf-dfc1-4ee4-ae2d-4f1353bd11cb,Jetwire,Mifflin,7330,https://booking.com
3f61f59a-97fc-4a64-a8c3-e787c63453d5,Meetz,Emmet,6736,https://nsw.gov.au
af228e73-80bc-4d5f-8058-01bebb6f37f5,Midel,Hoepker,3117,https://nba.com
a59335ce-2ce5-41a8-9028-bf754d9f1930,Feedfire,Susan,5610,https://godaddy.com
5444928e-bdae-49b0-80c6-4be59318c973,Vimbo,Sachtjen,7453,https://indiegogo.com
2131f7fb-1507-44e4-9790-c953393413fe,Skipstorm,Autumn Leaf,7061,http://moonfruit.com
54111fc3-a128-43f4-9d14-a1ae48bb3d2b,Oyoba,Roxbury,9005,https://netlog.com
fb2e563f-50d5-4000-b4e9-8c5e5e440ae6,Devify,Merry,9954,http://businesswire.com
5f43aaed-2e1c-435e-9d24-f6779933bc4e,Zoomzone,Birchwood,7098,http://utexas.edu
5d806091-b591-45c1-be77-0fe993e771df,Tazzy,Mccormick,3027,http://forbes.com
9f419695-201c-4660-acbc-c981e5345b9f,Gigaclub,Pankratz,4042,http://ning.com
6674493e-4b96-4775-8eb8-b960647d6103,Bluezoom,Artisan,2248,http://yelp.com
4b5b4ad5-9aaf-4bc1-adbd-f858759e48a1,Flipstorm,Manitowish,9220,http://mapy.cz
5d402b11-7453-4623-bdc8-a76c9815388d,Jetpulse,Northridge,2319,https://amazon.com
e509dcc4-4577-4b82-902e-88d2327d69cf,Plambee,Everett,1893,https://redcross.org
23af4725-1b57-4779-a642-52daf3bc695a,Fatz,Stuart,9672,https://nationalgeographic.com
c7c77cd9-926b-49b3-bb98-237e326e4f6b,Livefish,Hollow Ridge,5507,http://walmart.com
5acfe65a-7854-4c96-85ba-bc0f9644cf53,Livetube,Mcbride,5889,http://bloglovin.com
1ad7d40c-2f8a-4e24-a31d-0679e5f10547,Midel,Becker,9098,http://theatlantic.com
8a72ace2-4b3c-46dc-a2a8-d7b380d76235,Leenti,Hoffman,4014,https://unc.edu
265952fd-477e-43ab-a4d3-4028395bdb9b,Voolia,Westend,7890,https://shareasale.com
8565c383-553a-4189-a23c-6534a718dd8d,Fiveclub,Eagan,4767,https://fda.gov
06593911-45a6-449b-bbfc-cb4ab95278c8,Skimia,Bluejay,9247,https://uol.com.br
511d553f-8374-4a30-b639-040a0500e30d,Pixope,Vahlen,4243,http://businessweek.com
71e728a1-cfed-41c4-b42d-15aa1be475e6,Babbleblab,Rutledge,9446,http://usatoday.com
69ed4f17-5ac9-4658-9102-cdb0e0a51c15,Tanoodle,Scott,9451,http://g.co
d3b0eca1-f71d-4118-b7ff-0378faae09a3,Wordware,Hanson,7464,https://apple.com
dd375371-4eff-4a4c-81d4-6465dd9aeb66,Rooxo,Dexter,1438,http://people.com.cn
0833af16-73ee-46a8-a94a-66614370c2e6,Gevee,Kedzie,9943,https://sourceforge.net
971571f7-725d-4933-8c0d-ce6c14f309c5,Aimbo,Summer Ridge,7732,https://pagesperso-orange.fr
b92e5577-ce82-42a0-95bb-fdcac37063b6,Eidel,Memorial,4394,http://comcast.net
673911bc-ae25-4c1e-adf4-a1acefa2ca68,Thoughtbeat,Marquette,1708,http://census.gov
8a864f05-21a0-4d8b-977e-60f2d80e47c2,Zoomlounge,Westport,7664,https://chronoengine.com
8118a0be-4465-4af5-be42-4c38a8bb54fd,Mudo,Waubesa,8179,http://privacy.gov.au
379881a7-299e-4d22-b873-16d3cba93285,Agimba,Everett,6180,http://dot.gov
70cb4b90-54ab-422a-8bdf-f06867b8e7d4,Yodel,Coolidge,6366,https://timesonline.co.uk
11a22545-8b7a-4508-bad5-a43318a89205,Tagfeed,Holy Cross,7856,http://dell.com
c289f766-e0e9-42cb-b411-0127e7360e12,Browsedrive,Sutherland,1101,http://ibm.com
58d12b7e-94aa-4a0a-b76f-f0ad773a0823,Flipbug,Karstens,7096,https://last.fm
b610d773-6cf0-41be-aabc-70ad638b5ed1,Eayo,Messerschmidt,6414,https://time.com
084d9851-2b45-4106-9b78-9722a758ab8a,Avamm,Vermont,1832,http://sphinn.com
185960df-9c60-4a42-8497-ee36e15833b1,Talane,Meadow Ridge,6826,https://jiathis.com
a6c049f6-7c22-4334-9ee7-0654955a692e,Midel,Lerdahl,6980,https://opensource.org
3d15daa9-72a9-47f0-9b2c-ba93fe452ee2,Youopia,Fulton,9088,https://de.vu
ad831c90-e085-40bb-9fd5-977b025ed6b5,Eazzy,Bashford,4705,https://typepad.com
ba7ef710-8db2-49e5-83ff-d66ab707de94,Roomm,Arkansas,1005,https://deviantart.com
75b52f31-d01d-488b-a4f8-154f6e12f403,Tagtune,Pierstorff,3420,http://elpais.com
855b61d8-c0ef-40eb-9319-3fa972fbe31d,Roombo,Ridgeway,4577,https://baidu.com
d306a919-5145-4508-87ec-e81ad1e77226,Vinte,Schmedeman,1663,https://blogs.com
c2121049-8445-4ef4-a1fa-d2a6fa55022f,Trudeo,Victoria,4393,https://house.gov
ef97fb8c-41dd-40dc-b5e8-76787b2497c8,Thoughtbeat,Sage,3030,https://marriott.com
48908de9-30b7-4172-8ad2-07820a1ed613,Edgetag,Sundown,4321,http://huffingtonpost.com
c0e5ff82-5518-476b-9f08-c16931f38ff0,Rooxo,Autumn Leaf,4448,http://globo.com
259a10ef-acbc-4539-9616-2ab1d08478a0,Kanoodle,Longview,7109,http://uiuc.edu
501518f9-6213-4c0c-84b6-943bd2aa19be,Ozu,Swallow,5498,https://dailymail.co.uk
94af102a-6af1-43a7-95f4-52376cfd3d85,Eadel,Manley,3309,http://nydailynews.com
f4fc00f1-1392-49e3-b7b4-4d7d69ce1966,Tagtune,Crest Line,4739,https://statcounter.com
4e797602-c4b9-4f6b-b6e1-cef63168b061,Feedfish,Pine View,7645,https://google.de
9e310836-0ed0-47b9-b697-9600704aa71f,Rhybox,Bluejay,4338,http://wsj.com
5d6def48-3e1e-4f04-8f59-9575e625b8b9,Oba,Superior,9436,http://free.fr
1155b0b4-8104-4a61-ab6d-2db55d1bf916,Agimba,Grayhawk,8229,http://apache.org
f9aa4160-b691-4787-856d-1773f262b5ea,Flipopia,La Follette,2582,https://wordpress.org
96ba75a2-9e89-41b9-9f95-12daa62552ec,Eabox,Killdeer,9445,http://last.fm
58506389-6db9-40e8-8715-2f7cac6d187f,Oloo,Eastwood,3972,http://myspace.com
0169d27c-a647-45f9-8902-469940b1da5d,Miboo,Myrtle,2471,http://123-reg.co.uk
5e1c4dd7-e71f-49c3-bde3-3592789cd0c3,Browsebug,Old Shore,4863,https://tripod.com
89b28b74-3026-41b2-8dfa-fa9078e337aa,Layo,Sullivan,8424,https://narod.ru
41dc9c42-24cc-4a01-a0a4-24c1880d5334,Quaxo,Rowland,3747,http://digg.com
1ba0e7ea-3004-40bd-9588-129bee8a6a37,Shuffletag,Mccormick,1161,http://trellian.com
f838d856-720b-4fce-90b0-0a4a5202925e,Fivespan,Emmet,3168,http://storify.com
9f4fb030-d6af-46eb-92b8-464b8c247af8,Npath,Mcbride,7866,https://feedburner.com
522e8851-7634-4e3a-8280-ca1d3dd40f2d,Realblab,Fieldstone,2596,http://sfgate.com
6f233d1b-1b48-4da2-9101-988a2d887b68,Chatterbridge,Lindbergh,4307,https://yahoo.com
2c23dc0e-7f0e-4ed6-9d1d-b6c0b30f0071,Jabbersphere,Victoria,1088,https://ucoz.com
733d12c4-49ca-4b69-a535-0c843dc0378f,Tagchat,Prentice,4262,https://cyberchimps.com
f7c32a03-f16e-4c8a-9a78-1514d45351c8,Cogibox,Daystar,2608,http://tuttocitta.it
19000de6-1c19-4078-94b3-7ad525ee30d0,Voomm,Rusk,1517,https://hostgator.com
2e6b6ad4-eadc-41ea-bbf4-bf884072c538,BlogXS,Pearson,3589,http://blogs.com
3b5a3e35-87a3-452c-99a8-63ec7b768976,Brainsphere,Crest Line,7568,https://ifeng.com
e1ec88a8-64c7-4a00-a4c9-dce0e28e8eec,Skipfire,Hanson,8068,https://china.com.cn
f6ee8026-02ee-4863-a5c1-c0bebe91c648,Skippad,Merchant,7656,http://auda.org.au
0aac542c-2f4c-461b-9d23-f850b072460f,Yabox,Roxbury,1455,http://360.cn
65934e8f-9dca-4083-96d3-d260baac5361,Ozu,Laurel,4505,https://t-online.de
1141b363-3db6-43ab-a646-7b4f1f123857,Jazzy,Algoma,3765,http://elegantthemes.com
ef829de3-c514-4ed5-aebe-5a4eadb642e0,Devbug,Bellgrove,3928,http://google.com.hk
e3c58660-0be4-49c9-8fac-bdbfd46c5cc2,Meejo,Haas,9481,http://oracle.com
11e6f7d2-1afd-4e10-9d84-4e2bb6344bfa,Livefish,Starling,6579,http://hud.gov
5915ba00-3cb1-4f09-a435-dac79f69e067,BlogXS,Center,7582,https://sakura.ne.jp
c86c539c-cf9e-48af-8966-09c2f8106cd6,Browsebug,Farwell,2781,http://google.com.au
1e49ea4b-1e4f-4c87-886d-21e0e1eef934,Edgepulse,Browning,5358,http://apache.org
ce1372e5-b011-4ddd-a8e0-46fed6e23539,Thoughtbridge,Cascade,8672,http://nature.com
adaf28d0-9a4b-402c-98b9-2be0b4fdfac5,Skipfire,Hovde,6760,https://stanford.edu
106162b5-c473-410f-b113-14668db87a83,Voonte,Cottonwood,7558,http://senate.gov
52ec0905-0587-4cca-a6b2-60f17adcf14d,Agivu,Golf,3995,https://cnn.com
c781de5b-469d-463e-8378-80bb4af35e9d,Omba,Helena,3449,http://vimeo.com
1324ab95-3139-4b54-8e5d-e913965c62b5,Dabshots,Cottonwood,4669,https://google.pl
7b578747-2d5e-4e4b-850b-d89bc07f3d65,Voolith,Hoard,9320,http://taobao.com
fffe0441-0e91-481b-b9e0-cfd27c944a36,Skyba,Tomscot,4856,https://mac.com
3852919c-4d36-4224-b3b4-1cb218fba2ad,Topicshots,Elmside,9687,https://psu.edu
a09fdccb-0c24-47c3-913b-839ff68b7a59,Yoveo,Spaight,8878,https://umn.edu
92dd28fc-1980-4cd2-8977-e093179cf9cf,InnoZ,Loomis,5536,http://redcross.org
07860966-6210-40b4-8ba9-65ef33a77cd3,Kamba,Clemons,5615,http://histats.com
70066e32-7967-4d26-99bc-0be9627e219c,Yotz,Reinke,3028,https://businessinsider.com
b8afd4fa-234f-4f73-a548-1e3bbb0d826d,Midel,Dahle,5609,https://about.me
b4021df0-6436-4613-b680-4af38749d77e,Shuffledrive,Kipling,7295,http://cbsnews.com
65f622cf-f77e-4a7d-bf3a-e322b7474d1e,Oba,Mesta,8480,http://wired.com
6f481c85-0c95-4d67-892f-b7c4d403fb1a,Thoughtstorm,Portage,3831,https://columbia.edu
20b1a06b-1f4d-4964-b80a-2e1f22094bb6,Meeveo,Muir,7769,http://posterous.com
b296c9aa-bd7f-4b59-b65e-61e33781f103,Yakidoo,Bartelt,5155,http://soundcloud.com
3b6c0bfe-376e-47ca-a6d1-4adbec6d52d2,Twimm,Lakewood Gardens,7245,https://ed.gov
0e201858-5ccc-4e8b-bf05-e72c64f821dd,Yotz,Colorado,1423,http://sitemeter.com
f7fc2658-3f48-4b03-b2f4-b8b66bfdce1e,Rhyzio,Chive,7585,http://devhub.com
264fdfe4-2d51-4f46-aefe-6bac75ad779a,Youspan,Weeping Birch,2693,https://cmu.edu
4cf89da3-bc00-41c9-bf0a-3f437fc9a2b5,Meedoo,Commercial,6016,http://ameblo.jp
c7c15ede-ba07-4950-9fdd-7be7ff5f16cb,Ailane,Washington,8957,https://addthis.com
5eb6f511-a9ff-4b3b-9101-f484504cfcdc,Chatterbridge,Fremont,1590,http://smh.com.au
d9bef5c8-3f3e-4759-908a-76018b8d37c3,Jaxspan,Little Fleur,1099,https://elpais.com
8eeb99f1-6751-4cdc-b8db-e6433cfe3770,Gabvine,Dennis,6538,https://discovery.com
7e107b8a-383e-44d0-bbe6-5e79418793a3,Feednation,Ramsey,9795,https://wunderground.com
c2fa6e5e-7181-41a0-88cd-f1486b2bd6f6,Fiveclub,Cardinal,6510,https://furl.net
433f27d5-be58-4efc-a4f9-2675ad9ae1a7,Eabox,Bonner,2968,http://dmoz.org
9aa92c01-1c53-42c7-9fda-423626a12a98,Leexo,Eagan,4804,https://state.tx.us
4635ea9a-748a-4378-9569-4ca72da5f5c4,Bubblebox,Service,6906,https://twitter.com
6bfa6ff1-fbbc-4297-8734-4395c1e08185,Eabox,Sutteridge,3251,http://networkadvertising.org
20fdb5eb-daf0-4fd0-8737-6d54c9d23969,Twinder,Artisan,5754,https://reddit.com
f669cacb-58a1-43ca-9bd1-9c3b14a01c88,Aivee,Mallory,7881,https://uiuc.edu
9b93efd1-1a22-4527-9f92-a3cb6c676584,Fiveclub,Barby,6768,https://diigo.com
34bb7481-d8d0-44bb-90dd-591a5691cf37,Dabvine,Mandrake,1358,https://rediff.com
239f45a9-1d63-4ae3-a99b-0ef382f80fd8,Mita,Scoville,1623,https://apple.com
839ec5c8-d398-412b-99f0-4fcbf903c25b,Babbleopia,Stang,9546,http://jugem.jp
9b347606-7227-42ed-9a94-d625067ae53a,Divape,La Follette,7852,http://seesaa.net
7f886252-308f-47c0-965f-a9143663f52d,Flashset,Stuart,3350,https://guardian.co.uk
e4f70571-2286-4376-9719-e8f7acdce547,Brightbean,Village Green,3767,http://miibeian.gov.cn
c6b1a153-88c3-4644-a1d0-fbdf118c2b49,Zazio,Pond,8636,https://squarespace.com
10406343-979b-470f-a487-76c27e0aa798,Fivebridge,Walton,2575,https://blog.com
0044b082-77a7-49b9-af75-30926f66dc0f,Ailane,Grasskamp,8018,http://constantcontact.com
58ce3b77-4e6f-4199-9461-7edc68885a7e,Kayveo,Huxley,8808,http://deviantart.com
064801bf-b0c6-4496-8eee-5816b60c44a4,Reallinks,Kingsford,5947,http://economist.com
ab4edf91-7bd5-4acf-b056-f6dff3e4b3a6,Centidel,Melody,5587,http://nytimes.com
dd43c2ea-98c2-4ef5-819f-0220e1da1590,BlogXS,Union,3578,https://1688.com
9730ad93-84e4-4d64-bb4c-75a133575ba1,Babbleset,Chive,1927,http://diigo.com
18c52be8-9098-4bdd-82c5-73228a0339c6,Skimia,Reindahl,3868,http://artisteer.com
fa2f400d-95cf-43df-90c0-c1ec40f90f20,Vipe,Lighthouse Bay,1001,http://ameblo.jp
ef35e96f-2dc8-44ab-8bd0-a610726b12f0,Yamia,Village,2902,http://naver.com
00299b73-ca38-4a50-87f3-6e26aa508d81,Leenti,Lawn,6723,http://opera.com
bb6963bd-cb91-4329-a017-573a681c2149,Yotz,Marquette,1387,https://issuu.com
2da31a84-a8a3-4b6b-a983-527f1981400b,Centizu,Del Mar,4464,http://fc2.com
acd7674c-0785-4b1f-b4a4-6aa042840160,Leenti,Everett,1213,http://mit.edu
80c7abec-bc1c-4bfe-ac9c-59ffab51a85b,Youspan,Cordelia,8185,https://barnesandnoble.com
cdc72ac7-bda0-4b24-85bc-ecb107c96865,Aimbu,Schurz,6532,http://webeden.co.uk
c4b9e54c-7955-4915-9bf9-0b3761f1c944,Viva,Elmside,4175,http://quantcast.com
2c75553e-f07e-4d2b-a488-c3a24340c92e,Babbleopia,Spenser,3469,http://dyndns.org
0c3ecb42-0a61-40e9-9da6-af91280a1e87,Muxo,Blackbird,9979,https://mapy.cz
344e0f2c-b322-4a93-8eaa-d52083a687c3,Jaxspan,Prentice,5061,http://google.pl
c35ab6d1-323b-46b4-8218-f56e8b351b89,Skinder,Talisman,1092,https://over-blog.com
9ada57b6-45da-47e3-ad61-5fcb370a97fa,Gigabox,Manufacturers,5152,http://toplist.cz
83b4dbdb-98ee-4aa5-b32e-c6e8ddb468e6,Quire,Blue Bill Park,3271,http://ow.ly
d587c44c-d5f4-4cef-bfcb-afc5f626ef99,Vidoo,Mitchell,8942,https://ibm.com
82d1b431-db9f-4836-8d7a-87f35abb798a,Zoomcast,Hanson,5520,http://telegraph.co.uk
97715390-f36b-4ca3-a8bc-76fd4bb3dcc4,Voolith,Walton,3802,https://marketwatch.com
73f44ff2-573f-4180-b226-6177747c2b17,Brightbean,Pankratz,9041,http://cdbaby.com
f72f915a-0aee-41e9-8549-170e00c781fa,Wordify,Eliot,4579,http://ocn.ne.jp
b6f7a648-11ca-4933-820e-fa83f834f034,Twinte,Muir,5700,https://dailymotion.com
7bba27c0-d3b5-438d-a040-8c674fba48ce,Wikizz,Armistice,5370,https://hatena.ne.jp
2504d0c3-a18a-4ab1-aaed-520339687982,Izio,Kipling,6375,http://unesco.org
cfcd21c2-6a5a-42f3-95e2-03950befa9cb,Eabox,Walton,2024,https://51.la
cce671b5-bf16-49a5-96da-d7aec90ace73,Meetz,Butterfield,7804,https://ebay.com
db21ea99-17ad-4427-9756-a345c0766c40,Cogibox,Maywood,2448,https://sciencedirect.com
0d7cba11-83a1-41f7-a3ef-df937c0e8806,Skippad,Corben,9921,https://epa.gov
2e2df143-82b6-4d93-8d87-919696d6931c,Muxo,Mandrake,2340,https://scientificamerican.com
dda96c7b-b071-4a2a-b8dc-d45fc198e6d5,Geba,Pennsylvania,2954,https://jiathis.com
